crd2017,0,1,0,1,0,1,0,1,0,0,1,0,1,0,1,1
crd2016,0,1,0,0,1,1,0,0,1,0,0,1,0,0,1,1
crd2015,1,1,1,0,1,0,1,1,1,1,1,1,1,1,1,0,1,0
crd2014,1,1,1,0,1,1,1,1,1,1,0,0,1,1,0,0,0
crd2013,0,1,0,1,1,0,0,1,1,1,1,0,1,1,1,0
crd2012,1,1,1,1,0,0,0,0,0,0,0,0,0,1,0,0
crd2011,1,0,0,0,0,0,0,1,1,0,1,1,1,1,0,1
crd2010,1,0,1,0,1,0,0,0,0,0,0,0,1,0,1,0
crd2009,0,1,0,1,1,1,0,1,1,1,0,1,0,1,1,0,1,0
crd2008,1,1,0,0,1,1,0,1,1,1,0,0,1,0,0,1,1,1,1,0
crd2007,0,1,0,1,1,0,0,0,1,1,0,1,0,0,1,1
crd2006,1,0,0,0,0,0,0,0,0,1,0,1,1,0,1,0
crd2005,0,0,0,1,0,1,0,0,0,1,0,1,0,0,1,0
crd2004,0,0,0,1,0,1,0,1,1,0,0,0,0,1,0,1
crd2003,0,0,1,0,0,0,1,1,0,0,0,0,0,0,0,1
crd2002,0,1,0,1,1,1,0,0,0,0,0,0,1,0,0,0
crd2001,0,0,1,0,1,0,0,0,1,1,1,0,0,1,1,0
crd2000,0,1,0,0,1,0,0,0,1,0,0,0,0,0,0,0
crd1999,1,0,0,0,1,0,0,0,1,1,1,1,0,0,0,0
crd1998,0,0,1,1,0,1,0,1,1,0,1,0,0,1,1,1,1,0
crd1997,0,1,0,0,0,0,0,0,1,0,0,1,0,0,0,1
crd1996,0,0,0,1,1,0,1,0,0,1,1,1,0,0,1,0
crd1995,0,0,1,0,0,0,1,1,0,0,0,1,0,0,0,0
crd1994,0,0,0,1,0,1,0,1,0,1,1,0,1,1,1,0
crd1993,0,1,0,0,0,1,0,0,1,0,0,1,0,1,1,1
crd1992,0,0,0,1,0,0,0,1,1,0,0,0,0,1,0,0
crd1991,1,1,0,0,1,0,0,1,0,0,0,0,0,0,0,0
crd1990,0,1,0,0,1,0,0,0,0,0,1,1,1,0,0,0
crd1989,1,1,0,0,0,0,1,1,0,1,0,0,0,0,0,0
crd1988,0,0,1,1,1,1,0,0,1,1,1,0,0,0,0,0
crd1987,1,0,0,1,0,0,0,1,0,1,1,0,1,1,0
crd1986,0,0,0,0,0,1,0,0,1,0,0,1,0,0,0,1
crd1985,1,1,0,1,0,0,0,0,1,0,0,0,0,1,0,0
crd1984,0,1,1,0,0,1,1,1,1,0,0,0,1,1,1,0
crd1983,0,0,0,1,0,0,1,0,1,0,1,1,0,1,1,1
crd1982,1,0,0,1,1,0,1,1,0,0
crd1981,0,0,1,0,1,0,0,1,0,0,1,1,1,1,0,0
crd1980,0,0,0,1,1,0,0,1,0,0,0,0,1,1,0,0
crd1979,0,1,0,0,0,1,0,0,0,1,0,0,0,1,1,0
crd1978,0,0,0,0,0,0,0,0,1,1,1,1,0,1,0,1
crd1977,0,1,0,0,1,1,1,1,1,1,0,0,0,0
crd1976,1,1,0,1,1,1,0,1,1,1,0,0,1,1
crd1975,1,0,1,0,1,1,1,1,1,1,0,1,1,1,0
crd1974,1,1,1,1,1,1,1,0,0,1,1,0,0,1,0
crd1973,1,1,0,0,0,0,1,0,0,0,0,0,1,0
crd1972,1,0,0,1,0,0,0,0,0,0,0,0,1,1
crd1971,0,1,0,1,0,0,1,0,0,0,1,0,0,0
crd1970,0,1,1,1,1,0,1,1,1,0,1,0,0,0
crd1969,0,1,1,0,0,0,0,1,0,0,1,0,0,0
crd1968,0,0,1,0,1,1,1,1,0,0,1,1,1,1
crd1967,0,1,1,1,0,1,0,1,0,0,0,1,0,0
crd1966,1,1,1,1,1,0,0,1,1,0,1,0,0,0
crd1965,0,1,1,1,1,0,0,1,0,0,0,0,0,0
crd1964,1,0,1,1,0,1,0,0,1,0,1,1,1,1
crd1963,1,1,0,1,1,0,1,0,1,1,1,0,1,0
crd1962,1,0,0,0,0,0,1,0,0,0,0,0,1,1
crd1961,1,0,1,0,0,1,0,1,0,0,0,1,1,1
crd1960,1,0,0,0,1,1,1,0,1,0,0,1
crd1959,1,0,0,0,0,1,0,0,0,0,0,0
crd1958,0,1,0,1,0,0,0,0,0,0,0,0
crd1957,1,0,0,1,0,0,0,0,0,0,1,0
crd1956,1,1,1,1,0,1,0,0,1,0,0,1
crd1955,0,1,1,0,0,0,1,0,0,1,0,0
crd1954,0,0,0,0,0,1,0,0,1,0,0,0
crd1953,0,0,0,0,0,0,0,0,0,0,0,1
crd1952,0,1,1,1,0,0,0,0,0,1,0,0
crd1951,0,1,0,0,0,0,0,1,0,0,0,1
crd1950,0,1,0,0,1,1,0,0,1,0,1,0
crd1949,1,0,0,1,0,0,1,1,0,1,1,0
crd1948,1,0,1,1,1,1,1,1,1,1,1,1,0
crd1947,1,1,1,0,1,1,1,1,0,0,1,1,1
crd1946,0,1,0,1,0,1,1,0,0,1,1
crd1945,0,0,0,1,0,0,0,0,0,0
crd1944,0,0,0,0,0,0,0,0,0,0
crd1943,0,0,0,0,0,0,0,0,0,0
crd1942,1,1,0,0,1,0,0,0,0,0,0
crd1941,0,0,0,0,1,0,1,0,1,0,0
crd1940,0,0,1,0,0,0,0,1,0,0,0
crd1939,0,0,1,0,0,0,0,0,0,0,0
crd1938,0,1,0,0,0,0,0,0,0,0,1
crd1937,1,0,1,0,1,0,0,1,1,0,0
crd1936,0,0,0,0,0,0,0,1,1,0,1,0
crd1935,1,0,1,0,1,0,1,0,1,1,0,0
crd1934,1,0,1,0,0,0,1,0,1,0,1
crd1933,0,0,1,0,0,0,0,0,0,0,0
crd1932,0,0,0,1,1,0,0,0,0,0
crd1931,0,0,0,1,1,1,1,0,1
crd1930,0,0,0,1,0,0,0,1,1,1,0,1,0
crd1929,1,0,0,0,0,0,1,1,0,1,1,0,1
crd1928,0,1,0,0,0,0
crd1927,0,1,1,0,0,0,0,0,0,1,0
crd1926,1,1,1,1,0,1,0,0,0,0,0,0
crd1925,0,1,1,1,1,1,1,1,1,0,1,0,1,1
crd1924,1,1,1,0,0,0,1,1,0,0
crd1923,1,1,1,1,1,0,1,1,0,0,1,0
crd1922,1,1,1,1,1,1,0,0,1,0,1
crd1921,1,0,0,1,1,0,0,0
crd1920,0,1,0,1,1,1,1,1,0,0
atl2017,1,1,1,0,0,0,1,0,1,1,1,0,1,1,0,1,1,0
atl2016,0,1,1,1,1,0,0,1,1,0,1,0,1,1,1,1,1,1,0
atl2015,1,1,1,1,1,0,1,0,0,0,0,0,0,1,1,0
atl2014,1,0,1,0,0,0,0,0,1,1,0,1,0,0,1,0
atl2013,0,1,0,0,0,1,0,0,0,0,0,1,0,1,0,0
atl2012,1,1,1,1,1,1,1,1,0,1,1,1,0,1,1,0,1,0
atl2011,0,1,0,1,0,1,1,1,0,1,1,0,1,1,0,1,0
atl2010,0,1,1,1,1,0,1,1,1,1,1,1,1,1,0,1,0
atl2009,1,1,0,1,1,0,0,1,0,0,1,0,0,1,1,1
atl2008,1,0,1,0,1,1,0,1,1,0,1,1,0,1,1,1,0
atl2007,0,0,0,1,0,0,0,1,1,0,0,0,0,0,0,1
atl2006,1,1,0,1,0,1,1,0,0,0,0,1,1,0,0,0
atl2005,1,0,1,1,0,1,1,1,0,0,1,0,1,0,0,0
atl2004,1,1,1,1,0,1,0,1,1,1,1,0,1,1,0,0,1,0
atl2003,1,0,0,0,0,0,0,0,1,0,0,0,1,0,1,1
atl2002,0,0,1,0,1,1,1,1,0,1,1,1,0,0,1,0,1,0
atl2001,0,1,1,0,0,1,0,1,1,1,0,0,0,1,0,0
atl2000,1,0,1,0,0,0,0,0,1,0,0,0,0,0,0,1
atl1999,0,0,0,0,1,0,0,1,0,0,0,1,0,0,1,1
atl1998,1,1,0,1,1,1,0,1,1,1,1,1,1,1,1,1,1,1,0
atl1997,0,0,0,0,0,1,0,0,1,0,1,1,1,1,1,0
atl1996,0,0,0,0,0,0,0,0,1,0,1,0,0,1,0,0
atl1995,1,0,1,1,1,0,1,0,1,0,1,0,0,1,0,1,0
atl1994,0,1,0,1,1,1,0,0,1,0,0,1,0,0,0,1
atl1993,0,0,0,0,0,1,1,0,1,1,1,0,1,0,0,0
atl1992,1,0,0,0,1,0,0,1,0,1,0,1,0,1,0,0
atl1991,0,0,1,1,0,1,0,1,1,0,1,1,1,1,1,0,1,0
atl1990,1,0,0,1,0,0,1,0,0,0,0,0,0,0,1,1
atl1989,0,1,0,0,0,1,0,0,1,0,0,0,0,0,0,0
atl1988,0,0,1,0,0,0,0,0,1,1,0,1,1,0,0,0
atl1987,0,1,0,0,1,0,0,0,0,0,0,1,0,0,0
atl1986,1,1,1,1,0,1,0,0,0,0,0,0,1,0,0,1
atl1985,0,0,0,0,0,0,1,0,0,0,1,0,0,0,1,1
atl1984,1,0,0,1,0,1,0,0,0,0,0,0,0,0,0,1
atl1983,1,0,1,0,0,0,0,1,1,0,0,1,1,0,0,1
atl1982,1,0,1,0,1,1,1,0,0,0
atl1981,1,1,1,0,0,0,1,0,1,0,0,1,1,0,0,0
atl1980,0,1,0,1,1,0,1,1,1,1,1,1,1,1,1,0,0
atl1979,1,1,0,0,0,1,0,0,0,1,0,0,0,1,0,1
atl1978,1,0,0,0,1,0,1,1,1,1,1,0,1,0,1,0,1,0
atl1977,1,0,1,1,0,1,0,0,1,0,1,0,0,1
atl1976,0,0,1,0,0,0,0,1,0,1,1,0,0,0
atl1975,0,0,1,1,0,0,0,0,0,1,0,0,1,0
atl1974,0,0,0,1,1,0,0,0,0,0,0,0,0,1
atl1973,1,0,0,0,1,1,1,1,1,1,1,0,0,1
atl1972,1,0,1,0,1,1,0,0,1,0,1,1,0,0
atl1971,1,0,0,0,0,1,1,1,0,1,0,1,0,1
atl1970,1,0,1,0,0,1,0,0,0,0,0,0,1,0
atl1969,1,0,0,0,1,0,0,0,1,0,0,1,1,1
atl1968,0,0,0,0,1,0,0,0,0,1,0,0,0,0
atl1967,0,0,0,0,0,0,1,0,0,0,0,0,0,0
atl1966,0,0,0,0,0,0,0,0,0,1,0,1,1,0
rav2017,1,1,0,0,1,0,0,1,0,1,1,1,0,1,1,0
rav2016,1,1,1,0,0,0,0,1,1,0,1,1,0,1,0,0
rav2015,0,0,0,1,0,0,0,1,0,1,1,0,0,0,1,0
rav2014,0,1,1,1,0,1,1,0,0,1,1,0,1,1,0,1,1,0
rav2013,0,1,1,0,1,0,0,0,1,0,1,1,1,1,0,0
rav2012,1,0,1,1,1,1,0,1,1,1,1,0,0,0,1,0,1,1,1,1
rav2011,1,0,1,1,1,0,1,1,0,1,1,1,1,0,1,1,1,0
rav2010,1,0,1,1,1,0,1,1,0,1,1,0,1,1,1,1,1,0
rav2009,1,1,1,0,0,0,1,0,1,0,1,0,1,1,0,1,1,0
rav2008,1,1,0,0,0,1,1,1,1,0,1,1,1,0,1,1,1,1,0
rav2007,0,1,1,0,1,1,0,0,0,0,0,0,0,0,0,1
rav2006,1,1,1,1,0,0,1,1,1,1,1,0,1,1,1,1,0
rav2005,0,0,1,0,1,0,0,0,0,1,0,1,0,1,1,0
rav2004,0,1,1,0,1,1,0,1,1,1,0,0,1,0,0,1
rav2003,0,1,1,0,1,0,1,1,0,0,1,1,1,0,1,1,0
rav2002,0,0,1,1,0,1,0,0,1,0,1,1,0,1,0,0
rav2001,1,0,1,1,0,0,1,1,1,0,1,1,0,1,0,1,1,0
rav2000,1,1,0,1,1,1,0,0,0,1,1,1,1,1,1,1,1,1,1,1
rav1999,0,0,1,1,0,0,0,1,0,1,0,1,1,1,1,0
rav1998,0,1,0,1,0,0,0,0,1,0,1,1,0,0,0,1
rav1997,0,1,1,1,0,0,0,1,0,0,0,0,0,1,1,0
rav1996,1,0,0,1,0,0,0,1,0,0,0,0,1,0,0,0
buf2017,1,0,1,1,0,1,1,0,0,0,1,0,1,1,0,1,0
buf2016,0,0,1,1,1,1,0,0,0,1,1,0,0,1,0,0
buf2015,1,0,1,0,1,0,0,1,1,0,0,1,0,0,1,1
buf2014,1,1,0,0,1,0,1,1,0,0,1,1,0,1,0,1
buf2013,0,1,0,1,0,0,1,0,0,0,1,0,0,1,1,0
buf2012,0,1,1,0,0,1,0,0,0,1,0,1,0,0,0,1
buf2011,1,1,1,0,1,0,1,0,0,0,0,0,0,0,1,0
buf2010,0,0,0,0,0,0,0,0,1,1,0,0,1,1,0,0
buf2009,0,1,0,0,0,1,1,0,0,0,1,0,1,0,0,1
buf2008,1,1,1,1,0,1,0,0,0,0,1,0,0,0,1,0
buf2007,0,0,0,1,0,1,1,1,1,0,0,1,1,0,0,0
buf2006,0,1,0,1,0,0,0,1,0,1,1,0,1,1,0,0
buf2005,1,0,0,0,1,1,0,0,1,0,0,0,0,0,1,0
buf2004,0,0,0,0,1,0,1,1,0,1,1,1,1,1,1,0
buf2003,1,1,0,0,1,0,1,0,0,0,0,1,1,0,0,0
buf2002,0,1,0,1,0,1,1,1,0,0,0,1,0,1,0,1
buf2001,0,0,0,0,1,0,0,0,0,0,0,1,0,0,1,0
buf2000,1,1,0,0,0,1,0,1,1,1,1,0,0,0,0,1
buf1999,0,1,1,1,1,0,0,1,1,1,0,1,0,1,1,1,0
buf1998,0,0,0,1,1,1,1,1,0,1,1,0,1,1,0,1,0
buf1997,0,1,0,1,1,0,1,0,1,0,0,0,1,0,0,0
buf1996,1,1,0,1,1,0,1,0,1,1,1,1,0,0,0,1,0
buf1995,0,1,1,1,1,1,0,0,1,1,1,0,0,1,1,0,1,0
buf1994,0,1,1,1,0,1,0,1,0,0,1,0,1,0,0,0
buf1993,1,1,0,1,1,1,1,1,0,1,0,0,1,1,1,1,1,1,0
buf1992,1,1,1,1,0,0,1,1,1,1,1,0,0,1,1,0,1,1,1,0
buf1991,1,1,1,1,1,0,1,1,1,1,1,0,1,1,1,0,1,1,0
buf1990,1,0,1,1,1,1,1,1,1,1,0,1,1,1,1,0,1,1,0
buf1989,1,0,1,1,0,1,1,1,0,1,0,1,0,0,0,1,0
buf1988,1,1,1,1,0,1,1,1,1,1,1,1,0,0,1,0,1,0
buf1987,0,1,0,0,1,1,0,1,0,1,1,0,1,0,0
buf1986,0,0,1,0,0,0,1,0,0,1,0,0,1,0,0,0
buf1985,0,0,0,0,0,0,1,0,0,1,0,0,0,0,0,0
buf1984,0,0,0,0,0,0,0,0,0,0,0,1,0,1,0,0
buf1983,0,1,1,1,0,1,1,0,1,0,1,0,0,1,0,0
buf1982,1,1,0,1,0,1,0,0,0
buf1981,1,1,0,0,1,1,0,1,1,0,0,1,1,1,1,0,1,0
buf1980,1,1,1,1,1,0,0,1,0,1,1,1,0,1,0,1,0
buf1979,0,1,0,1,1,0,0,0,1,0,1,1,1,0,0,0
buf1978,0,0,0,1,1,0,0,1,0,0,0,0,1,0,0,1
buf1977,0,0,0,0,1,0,0,1,0,0,0,0,1,0
buf1976,0,0,1,1,0,0,0,0,0,0,0,0,0,0
buf1975,1,1,1,1,0,0,1,0,0,1,1,0,1,0
buf1974,1,0,1,1,1,1,1,1,0,0,1,1,0,0,0
buf1973,1,0,1,1,1,0,1,0,0,0,1,1,1,1
buf1972,0,1,0,1,0,0,0,0,0,1,0,0,0,1
buf1971,0,0,0,0,0,0,0,0,0,0,1,0,0,0
buf1970,0,0,1,0,0,1,1,0,0,0,0,0,0,0
buf1969,0,0,1,0,1,0,0,0,0,1,0,1,0,0
buf1968,0,0,0,1,0,0,0,0,0,0,0,0,0,0
buf1967,1,0,0,0,1,0,0,1,0,0,0,0,1,0
buf1966,0,0,1,1,1,0,0,1,1,1,1,1,0,1,0
buf1965,1,1,1,1,0,1,1,0,1,1,0,1,1,0,1
buf1964,1,1,1,1,1,1,1,1,1,0,1,0,1,1,1
buf1963,0,0,0,0,1,1,0,1,1,1,0,0,1,1,0
buf1962,0,0,0,0,0,1,1,1,0,1,1,0,1,1
buf1961,0,1,0,0,1,1,0,0,0,1,1,0,1,0
buf1960,0,0,1,0,0,1,1,0,0,1,0,1,0,0
car2017,1,1,0,1,1,0,0,1,1,1,1,0,1,1,1,0,0
car2016,0,1,0,0,0,0,1,1,0,1,0,0,1,1,0,0
car2015,1,1,1,1,1,1,1,1,1,1,1,1,1,1,0,1,1,1,0
car2014,1,1,0,0,1,0,0,0,0,0,0,0,1,1,1,1,1,0
car2013,0,0,1,0,1,1,1,1,1,1,1,1,0,1,1,1,0
car2012,0,1,0,0,0,0,0,1,0,0,1,0,1,1,1,1
car2011,0,0,1,0,0,0,1,0,0,0,1,1,0,1,1,0
car2010,0,0,0,0,0,1,0,0,0,0,0,0,0,1,0,0
car2009,0,0,0,1,1,0,1,0,1,0,0,1,0,1,1,1
car2008,1,1,0,1,1,0,1,1,1,1,0,1,1,1,0,1,0
car2007,1,0,1,0,1,1,0,0,0,0,0,1,0,1,0,1
car2006,0,0,1,1,1,1,0,0,1,1,0,0,0,0,1,1
car2005,0,1,0,1,1,1,1,1,1,0,1,1,0,1,0,1,1,1,0
car2004,0,1,0,0,0,0,0,0,1,1,1,1,1,0,1,0
car2003,1,1,1,1,1,0,1,0,1,1,0,0,0,1,1,1,1,1,1,0
car2002,1,1,1,0,0,0,0,0,0,0,0,1,1,0,1,1
car2001,1,0,0,0,0,0,0,0,0,0,0,0,0,0,0,0
car2000,0,1,0,0,1,0,1,0,1,0,0,1,1,0,1,0
car1999,0,0,1,0,1,0,0,1,0,1,1,0,1,1,0,1
car1998,0,0,0,0,0,0,0,1,0,0,1,0,0,0,1,1
car1997,0,1,1,0,0,0,1,1,1,0,0,1,0,1,0,0
car1996,1,1,1,0,0,1,1,0,0,1,1,1,1,1,1,1,1,0
car1995,0,0,0,0,0,1,1,1,1,0,1,0,1,0,1,0
chi2017,0,0,1,0,0,1,1,0,0,0,0,0,1,0,1,0
chi2016,0,0,0,1,0,0,0,1,0,0,0,1,0,0,0,0
chi2015,0,0,0,1,1,0,0,1,1,0,1,0,0,0,1,0
chi2014,0,1,1,0,0,1,0,0,0,1,1,0,0,0,0,0
chi2013,1,1,1,0,0,1,0,1,0,1,0,0,1,1,0,0
chi2012,1,0,1,1,1,1,1,1,0,0,1,0,0,0,1,1
chi2011,1,0,0,1,0,1,1,1,1,1,0,0,0,0,0,1
chi2010,1,1,1,0,1,0,0,1,1,1,1,1,0,1,1,0,1,0
chi2009,0,1,1,1,0,0,1,0,0,0,0,1,0,0,1,1
chi2008,1,0,0,1,1,0,1,1,0,0,1,0,1,1,1,0
chi2007,0,1,0,0,1,0,1,0,1,0,1,0,0,0,1,1
chi2006,1,1,1,1,1,1,1,0,1,1,0,1,1,1,1,0,1,1,0
chi2005,0,1,0,0,1,1,1,1,1,1,1,1,0,1,1,0,0
chi2004,0,1,0,0,0,0,1,1,1,0,0,1,0,0,0,0
chi2003,0,0,0,1,0,0,1,1,0,0,1,1,0,1,1,0
chi2002,1,1,0,0,0,0,0,0,0,0,1,0,0,1,0,0
chi2001,0,1,1,1,1,1,1,0,1,1,1,0,1,1,1,1,0
chi2000,0,0,0,0,1,0,0,0,1,0,1,0,0,1,0,1
chi1999,1,0,0,1,1,0,0,0,1,0,1,0,0,1,0,0
chi1998,0,0,0,0,1,0,1,1,0,0,0,0,0,0,1,0
chi1997,0,0,0,0,0,0,0,1,0,0,0,1,0,1,1,0
chi1996,1,0,0,0,1,0,0,1,1,0,0,1,0,1,1,0
chi1995,1,0,1,0,1,1,1,1,0,0,0,1,0,0,1,1
chi1994,1,0,0,1,1,1,0,0,1,1,1,1,0,0,1,0,1,0
chi1993,0,0,1,1,1,0,0,0,1,1,1,1,0,0,0,0
chi1992,1,0,0,1,0,1,1,0,0,0,0,0,0,1,0,0
chi1991,1,1,1,1,0,0,1,1,1,1,1,0,0,1,1,0,0
chi1990,1,1,1,0,1,1,1,1,1,1,0,1,0,0,1,0,1,0
chi1989,1,1,1,1,0,0,0,1,0,1,0,0,0,0,0,0
chi1988,1,1,0,1,1,1,1,1,0,1,1,1,1,0,1,0,1,0
chi1987,1,1,1,1,0,1,1,1,0,1,1,1,0,0,1,0
chi1986,1,1,1,1,1,1,0,1,0,1,1,1,1,1,1,1,0
chi1985,1,1,1,1,1,1,1,1,1,1,1,1,0,1,1,1,1,1,1
chi1984,1,1,1,0,0,1,0,1,1,1,0,1,1,0,0,1,1,0
chi1983,0,1,0,0,1,0,0,1,0,0,1,1,1,0,1,1
chi1982,0,0,1,0,1,0,0,1,0
chi1981,0,0,1,0,0,0,0,1,0,1,0,0,0,1,1,1
chi1980,0,1,0,0,1,0,1,0,0,1,0,0,1,1,0,1
chi1979,1,1,0,0,0,1,0,0,1,1,1,1,0,1,1,1,0
chi1978,1,1,1,0,0,0,0,0,0,0,0,1,1,0,1,1
chi1977,1,0,0,1,0,0,1,0,1,1,1,1,1,1,0
chi1976,1,1,0,1,0,0,0,1,0,1,0,1,1,0
chi1975,0,1,0,0,0,0,0,1,0,0,0,1,0,1
chi1974,1,0,0,1,0,1,0,0,0,0,0,1,0,0
chi1973,0,0,1,0,0,0,1,1,0,0,0,0,0,0
chi1972,0,0,0,0,1,1,1,0,0,0,0,0,1,0
chi1971,1,1,0,1,0,1,1,0,1,0,0,0,0,0
chi1970,1,1,0,0,0,0,1,0,0,1,0,0,1,1
chi1969,0,0,0,0,0,0,0,1,0,0,0,0,0,0
chi1968,0,0,1,0,0,1,1,1,1,0,0,1,1,0
chi1967,0,0,1,0,1,0,0,1,1,1,0,1,0,1
chi1966,0,0,1,1,0,1,0,0,0,0,1,0,0,1
chi1965,0,0,0,1,1,1,1,0,1,1,1,1,1,0
chi1964,0,1,0,0,1,0,0,0,0,1,1,1,0,0
chi1963,1,1,1,1,1,0,1,1,1,1,0,0,1,1,1
chi1962,1,1,0,1,0,1,0,0,1,1,1,0,1,1
chi1961,0,1,0,1,1,1,1,0,0,0,1,0,1,1
chi1960,1,0,1,1,0,0,0,1,1,0,0,0
chi1959,0,1,0,0,0,1,1,1,1,1,1,1
chi1958,1,0,1,1,1,0,1,0,1,0,1,1
chi1957,0,0,0,1,0,1,1,0,1,0,1,0
chi1956,0,1,1,1,1,1,1,1,0,0,1,1,0
chi1955,0,0,0,1,1,1,1,1,1,0,1,1
chi1954,0,1,1,0,0,1,1,0,1,1,1,1
chi1953,0,1,0,0,0,0,0,1,0,1,0,0
chi1952,1,0,1,0,0,1,0,0,1,0,0,1
chi1951,1,0,1,1,1,1,0,1,0,0,1,0
chi1950,1,1,0,1,1,0,1,1,1,1,0,1,0
chi1949,1,1,0,1,0,0,1,1,1,1,1,1
chi1948,1,1,1,1,0,1,1,1,1,1,1,0
chi1947,0,0,1,1,1,1,1,1,1,1,0,0
chi1946,1,1,0,1,0,1,1,1,1,0,1,1
chi1945,0,0,0,0,0,1,0,0,1,1
chi1944,0,0,1,0,1,1,1,0,1,1
chi1943,0,1,1,1,1,1,1,1,0,1,1
chi1942,1,1,1,1,1,1,1,1,1,1,1,0
chi1941,1,1,1,1,1,0,1,1,1,1,1,1,1
chi1940,1,0,1,1,1,1,1,0,0,1,1,1
chi1939,1,0,1,1,1,0,0,1,1,1,1
chi1938,1,1,1,0,1,0,0,0,1,1,0
chi1937,1,1,1,1,1,0,0,1,1,1,1,0
chi1936,1,1,1,1,1,1,0,1,1,1,0,0
chi1935,0,1,1,1,0,1,1,0,0,0,0,1
chi1934,1,1,1,1,1,1,1,1,1,1,1,1,1,0
chi1933,1,1,1,1,1,1,0,0,0,1,1,1,1,1
chi1932,0,0,0,0,1,0,1,0,1,1,0,1,1,1
chi1931,1,0,1,1,0,0,1,1,1,1,0,1,0
chi1930,0,0,1,0,1,0,1,1,0,1,1,1,1,1
chi1929,1,0,1,1,0,1,0,0,0,0,0,0,0,0,0
chi1928,1,0,1,0,0,1,1,1,0,1,1,0,0
chi1927,1,1,1,1,1,0,0,1,1,0,0,0,1,1
chi1926,1,0,1,1,1,1,1,1,1,1,1,0,1,0,1,0
chi1925,0,0,0,1,1,0,1,1,1,1,0,1,1,1,0,0,0
chi1924,0,0,0,1,1,0,1,0,1,1,1
chi1923,0,1,1,0,1,1,1,1,1,1,0,1
chi1922,1,1,1,1,0,1,1,1,1,0,1,0
chi1921,1,1,1,1,1,1,0,1,1,1,0
chi1920,1,1,1,1,1,0,1,1,1,1,0,1,0
cin2017,0,0,0,1,1,0,1,0,0,1,1,0,0,0,1,1
cin2016,1,0,0,1,0,0,1,0,0,0,0,1,1,0,0,1
cin2015,1,1,1,1,1,1,1,1,0,0,1,1,0,1,0,1,0
cin2014,1,1,1,0,0,0,1,1,0,1,1,1,0,1,1,0,0
cin2013,0,1,1,0,1,1,1,1,0,0,1,1,1,0,1,1,0
cin2012,0,1,1,1,0,0,0,0,1,1,1,1,0,1,1,1,0
cin2011,1,0,0,1,1,1,1,1,0,0,1,0,0,1,1,0,0
cin2010,0,1,1,0,0,0,0,0,0,0,0,0,0,1,1,0
cin2009,0,1,1,1,1,0,1,1,1,0,1,1,0,0,1,0,0
cin2008,0,0,0,0,0,0,0,0,1,0,0,0,0,1,1,1
cin2007,1,0,0,0,0,1,0,0,1,0,1,0,1,0,1,1
cin2006,1,1,1,0,0,1,0,0,0,1,1,1,1,0,0,0
cin2005,1,1,1,1,0,1,0,1,1,0,1,1,1,1,0,0,0
cin2004,0,1,0,0,0,1,0,1,1,0,1,1,0,0,1,1
cin2003,0,0,0,1,0,1,1,0,1,1,1,1,0,1,0,0
cin2002,0,0,0,0,0,0,0,1,0,0,0,0,0,0,1,0
cin2001,1,1,0,0,1,0,1,0,0,0,0,0,0,0,1,1
cin2000,0,0,0,0,0,0,1,1,0,0,0,0,1,0,1,0
cin1999,0,0,0,0,1,0,0,0,0,0,0,1,1,1,0,0
cin1998,0,1,0,0,1,0,0,0,0,0,0,0,0,0,1,0
cin1997,1,0,0,0,0,0,0,0,1,1,0,1,0,1,1,1
cin1996,0,0,1,0,0,0,0,1,1,1,0,1,0,1,1,1
cin1995,1,1,0,0,0,0,1,0,0,1,0,1,0,1,0,1
cin1994,0,0,0,0,0,0,0,0,1,1,0,0,0,0,0,1
cin1993,0,0,0,0,0,0,0,0,0,0,1,0,0,1,1,0
cin1992,1,1,0,0,0,0,0,1,1,0,0,0,0,0,1,0
cin1991,0,0,0,0,0,0,0,0,1,0,0,0,1,0,0,1
cin1990,1,1,1,0,1,0,1,0,0,1,0,1,0,0,1,1,1,0
cin1989,0,1,1,1,1,0,0,1,0,0,1,0,1,0,1,0
cin1988,1,1,1,1,1,1,0,1,0,1,0,1,1,1,0,1,1,1,0
cin1987,1,0,0,1,0,0,0,0,1,0,0,1,0,0,0
cin1986,0,1,1,0,1,1,1,0,1,0,1,1,0,1,0,1
cin1985,0,0,0,1,0,1,0,1,1,1,0,0,1,1,0,0
cin1984,0,0,0,0,0,1,0,1,1,0,1,0,1,1,1,1
cin1983,0,0,0,1,0,0,0,1,1,1,0,1,0,1,1,0
cin1982,1,0,1,1,1,1,0,1,1,0
cin1981,1,1,0,1,0,1,1,0,1,1,1,1,1,0,1,1,1,1,0
cin1980,0,0,1,0,0,1,1,0,0,0,0,0,1,1,1,0
cin1979,0,0,0,0,0,0,1,0,1,0,0,0,1,0,0,1
cin1978,0,0,0,0,0,0,0,0,1,0,0,0,0,1,1,1
cin1977,0,1,0,1,0,0,1,1,0,1,1,1,1,0
cin1976,1,0,1,1,1,0,1,1,1,1,1,0,0,1
cin1975,1,1,1,1,1,1,0,1,1,0,1,1,0,1,0
cin1974,1,0,1,1,1,0,0,1,1,0,1,0,0,0
cin1973,0,1,1,0,1,1,0,0,1,1,1,1,1,1,0
cin1972,1,1,0,1,1,0,1,0,0,0,1,1,0,1
cin1971,1,0,0,0,0,0,0,0,1,1,1,0,0,0
cin1970,1,0,0,0,0,0,0,1,1,1,1,1,1,1,0
cin1969,1,1,1,0,0,0,0,1,0,0,0,0,0,0
cin1968,0,1,1,0,0,0,0,0,0,0,1,0,0,0
cle2017,0,0,0,0,0,0,0,0,0,0,0,0,0,0,0,0
cle2016,0,0,0,0,0,0,0,0,0,0,0,0,0,0,1,0
cle2015,0,1,0,0,1,0,0,0,0,0,0,0,1,0,0,0
cle2014,0,1,0,1,1,0,1,1,1,0,1,0,0,0,0,0
cle2013,0,0,1,1,1,0,0,0,1,0,0,0,0,0,0,0
cle2012,0,0,0,0,0,1,0,1,0,0,1,1,1,0,0,0
cle2011,0,1,1,0,0,1,0,0,0,1,0,0,0,0,0,0
cle2010,0,0,0,1,0,0,1,1,0,0,1,1,0,0,0,0
cle2009,0,0,0,0,1,0,0,0,0,0,0,0,1,1,1,1
cle2008,0,0,0,1,1,0,1,0,0,1,0,0,0,0,0,0
cle2007,0,1,0,1,0,1,1,1,0,1,1,0,1,1,0,1
cle2006,0,0,0,1,0,0,1,0,1,0,0,1,0,0,0,0
cle2005,0,1,0,1,0,0,0,1,0,1,0,0,0,1,0,1
cle2004,1,0,0,1,0,1,0,0,0,0,0,0,0,0,0,1
cle2003,0,0,1,0,1,1,0,0,0,1,0,0,0,0,0,1
cle2002,0,1,1,0,0,0,1,1,0,1,1,0,1,0,1,1,0
cle2001,0,1,1,1,0,1,0,0,1,1,0,0,0,0,1,0
cle2000,0,1,1,0,0,0,0,0,0,0,1,0,0,0,0,0
cle1999,0,0,0,0,0,0,0,1,0,1,0,0,0,0,0,0
dal2017,1,0,1,0,0,1,1,1,0,0,0,1,1,1,0,1
dal2016,0,1,1,1,1,1,1,1,1,1,1,1,0,1,1,0,0
dal2015,1,1,0,0,0,0,0,0,0,1,0,1,0,0,0,0
dal2014,0,1,1,1,1,1,1,0,0,1,1,0,1,1,1,1,1,0
dal2013,1,0,1,0,0,1,1,0,1,0,1,1,0,0,1,0
dal2012,1,0,1,0,0,1,0,0,1,1,0,1,1,1,0,0
dal2011,0,1,1,0,0,1,0,1,1,1,1,0,0,1,0,0
dal2010,0,0,1,0,0,0,0,0,1,1,0,1,0,1,0,1
dal2009,1,0,1,0,1,1,1,1,0,1,1,0,0,1,1,1,1,0
dal2008,1,1,1,0,1,0,0,1,0,1,1,1,0,1,0,0
dal2007,1,1,1,1,1,0,1,1,1,1,1,1,1,0,1,0,0
dal2006,0,1,1,0,1,0,1,0,1,1,1,1,0,1,0,0,0
dal2005,1,0,1,0,1,1,0,1,1,1,0,0,1,0,1,0
dal2004,0,1,1,0,0,0,1,0,0,0,1,1,0,0,1,0
dal2003,0,1,1,1,1,1,0,1,1,0,1,0,0,1,1,0,0
dal2002,0,1,0,1,0,1,0,0,0,0,1,1,0,0,0,0
dal2001,0,0,0,0,1,1,0,0,0,0,1,1,0,0,1,0
dal2000,0,0,1,0,1,0,1,0,0,1,0,0,0,1,0,0
dal1999,1,1,1,0,0,1,0,0,1,0,1,0,1,0,0,1,0
dal1998,1,0,1,0,1,1,0,1,1,1,1,0,0,0,1,1,0
dal1997,1,0,1,1,0,0,1,0,0,1,1,0,0,0,0,0
dal1996,0,1,0,0,1,1,1,1,0,1,1,0,1,1,1,0,1,0
dal1995,1,1,1,1,0,1,1,1,1,0,1,1,0,0,1,1,1,1,1
dal1994,1,1,0,1,1,1,1,1,1,0,1,1,1,0,1,0,1,0
dal1993,0,0,1,1,1,1,1,1,1,0,0,1,1,1,1,1,1,1,1
dal1992,1,1,1,0,1,1,1,1,1,0,1,1,1,0,1,1,1,1,1
dal1991,1,0,0,1,1,1,1,0,1,0,0,1,1,1,1,1,1,0
dal1990,1,0,0,0,1,0,1,0,0,0,1,1,1,1,0,0
dal1989,0,0,0,0,0,0,0,0,1,0,0,0,0,0,0,0
dal1988,0,1,0,1,0,0,0,0,0,0,0,0,0,0,1,0
dal1987,0,1,1,1,0,0,1,0,1,0,0,0,0,1,1
dal1986,1,1,0,1,0,1,1,1,0,0,1,0,0,0,0,0
dal1985,1,0,1,1,1,1,0,1,0,1,0,1,1,0,1,0,0
dal1984,1,0,1,1,1,0,0,1,1,0,1,0,1,1,0,0
dal1983,1,1,1,1,1,1,1,0,1,1,0,1,1,1,0,0,0
dal1982,0,1,1,1,1,1,1,0,0,1,1,0
dal1981,1,1,1,1,0,0,1,1,1,1,0,1,1,1,1,0,1,0
dal1980,1,0,1,1,1,1,0,1,1,0,1,1,1,1,0,1,1,1,0
dal1979,1,1,1,0,1,1,1,1,0,1,0,0,0,1,1,1,0
dal1978,1,1,0,1,0,1,1,1,0,0,1,1,1,1,1,1,1,1,0
dal1977,1,1,1,1,1,1,1,1,0,0,1,1,1,1,1,1,1
dal1976,1,1,1,1,1,0,1,1,1,1,0,1,1,0,0
dal1975,1,1,1,1,0,1,0,0,1,1,1,0,1,1,1,1,0
dal1974,1,0,0,0,0,1,1,1,1,0,1,1,1,0
dal1973,1,1,1,0,0,1,0,1,1,1,0,1,1,1,1,0
dal1972,1,1,0,1,1,0,1,1,1,1,0,1,1,0,1,0
dal1971,1,1,0,1,0,1,0,1,1,1,1,1,1,1,1,1,1
dal1970,1,1,0,1,0,1,1,0,0,1,1,1,1,1,1,1,0
dal1969,1,1,1,1,1,1,0,1,1,0,0,1,1,1,0
dal1968,1,1,1,1,1,1,0,1,0,1,1,1,1,1,0
dal1967,1,1,0,1,1,1,0,1,1,0,1,0,1,0,1,0
dal1966,1,1,1,1,0,0,1,0,1,1,1,1,0,1,0
dal1965,1,1,0,0,0,0,0,1,1,0,0,1,1,1
dal1964,0,1,0,0,0,0,1,1,1,0,0,0,0,1
dal1963,0,0,0,0,1,0,0,1,0,1,0,0,0,1
dal1962,0,0,1,0,1,1,0,1,0,0,0,1,0,0
dal1961,1,1,0,1,0,0,1,0,0,0,0,0,0,0
dal1960,0,0,0,0,0,0,0,0,0,0,0,0
den2017,1,1,0,1,0,0,0,0,0,0,0,0,1,1,0,0
den2016,1,1,1,1,0,0,1,1,0,1,0,1,0,0,0,1
den2015,1,1,1,1,1,1,1,0,0,1,1,1,0,0,1,1,1,1,1
den2014,1,1,0,1,1,1,1,0,1,0,1,1,1,1,0,1,0
den2013,1,1,1,1,1,1,0,1,1,1,0,1,1,0,1,1,1,1,0
den2012,1,0,0,1,0,1,1,1,1,1,1,1,1,1,1,1,0
den2011,0,1,0,0,0,1,0,1,1,1,1,1,1,0,0,0,1,0
den2010,0,1,0,1,0,0,0,0,1,0,0,0,0,0,1,0
den2009,1,1,1,1,1,1,0,0,0,0,1,1,0,0,0,0
den2008,1,1,1,0,1,0,0,0,1,1,0,1,1,0,0,0
den2007,1,1,0,0,0,1,0,0,1,1,0,0,1,0,0,1
den2006,0,1,1,1,1,1,0,1,1,0,0,0,0,1,1,0
den2005,0,1,1,1,1,1,0,1,1,1,1,0,1,1,1,1,1,0
den2004,1,0,1,1,1,1,0,0,1,1,0,0,1,0,1,1,0
den2003,1,1,1,1,0,1,0,0,0,1,0,1,1,1,1,0,0
den2002,1,1,1,0,1,0,1,1,0,1,0,0,0,1,0,1
den2001,1,1,0,1,0,0,1,0,1,0,1,0,1,0,1,0
den2000,0,1,1,0,0,1,1,0,1,1,1,1,1,1,0,1,0
den1999,0,0,0,0,1,1,0,0,1,0,1,0,0,1,1,0
den1998,1,1,1,1,1,1,1,1,1,1,1,1,1,0,0,1,1,1,1
den1997,1,1,1,1,1,1,0,1,1,1,0,1,1,0,0,1,1,1,1,1
den1996,1,1,1,0,1,1,1,1,1,1,1,1,1,0,1,0,0
den1995,1,0,1,0,0,1,1,0,1,0,1,0,1,0,0,1
den1994,0,0,0,0,1,0,1,1,0,1,1,1,1,0,0,0
den1993,1,1,0,1,0,0,1,1,0,1,1,0,1,1,0,0,0
den1992,1,1,0,1,1,0,1,0,1,1,0,0,0,0,1,0
den1991,1,0,1,1,1,0,1,1,1,0,1,0,1,1,1,1,1,0
den1990,0,1,1,0,0,0,1,0,0,0,0,0,0,1,0,1
den1989,1,1,1,0,1,1,1,0,1,1,1,1,0,0,1,0,1,1,0
den1988,0,1,0,0,1,1,1,0,0,1,1,0,1,0,0,1
den1987,1,0,0,1,1,0,1,0,1,1,1,1,0,1,1,1,1,0
den1986,1,1,1,1,1,1,0,1,1,0,1,0,1,0,1,0,1,1,0
den1985,0,1,1,0,1,1,1,1,0,1,1,0,1,0,1,1
den1984,1,0,1,1,1,1,1,1,1,1,1,1,0,0,1,1,0
den1983,1,1,0,0,0,1,1,1,1,0,0,1,0,1,1,0,0
den1982,0,1,0,0,0,1,0,0,0
den1981,1,0,1,1,1,1,0,0,1,1,1,0,0,1,1,0
den1980,0,1,0,0,1,1,0,1,0,1,1,1,0,0,0,1
den1979,1,0,1,1,0,1,1,0,1,1,1,1,0,1,0,0,0
den1978,1,0,1,1,1,0,1,0,1,0,1,1,0,1,1,0,0
den1977,1,1,1,1,1,1,0,1,1,1,1,1,1,0,1,1,0
den1976,0,1,1,1,0,0,1,0,1,1,1,0,1,1
den1975,1,1,0,0,1,0,0,0,1,0,1,0,1,0
den1974,0,0,0,1,1,1,0,0,1,0,1,1,1,0
den1973,1,0,0,0,1,0,1,0,1,1,1,0,1,0
den1972,1,0,0,0,0,1,0,0,1,0,0,0,1,1
den1971,0,0,0,0,1,1,0,0,0,0,1,1,0,0
den1970,1,1,1,0,1,0,0,0,0,1,0,0,0,0
den1969,1,1,0,0,0,1,0,1,0,0,0,0,0,1
den1968,0,0,0,1,1,0,1,1,0,0,1,0,0,0
den1967,1,0,0,0,0,0,0,0,0,0,1,0,1,0
den1966,0,0,0,1,0,0,0,0,1,0,1,1,0,0
den1965,0,0,1,1,0,1,0,0,0,1,0,0,0,0
den1964,0,0,0,0,1,0,0,0,0,1,0,0,0,0
den1963,0,0,1,1,0,0,0,0,0,0,0,0,0,0
den1962,1,1,0,1,1,1,1,0,1,0,0,0,0,0
den1961,1,0,0,0,0,1,1,0,0,0,0,0,0,0
den1960,1,1,0,1,0,1,0,0,0,0,0,0,0,0
det2017,1,1,0,1,0,0,0,1,1,1,0,0,1,1,0,1
det2016,1,0,0,0,1,1,1,0,1,1,1,1,1,0,0,0,0
det2015,0,0,0,0,0,1,0,0,1,1,1,0,0,1,1,1
det2014,1,0,1,1,0,1,1,1,1,0,0,1,1,1,1,0,0
det2013,1,0,1,1,0,1,0,1,1,0,0,1,0,0,0,0
det2012,1,0,0,0,1,0,1,1,0,0,0,0,0,0,0,0
det2011,1,1,1,1,1,0,0,1,0,1,0,0,1,1,1,0,0
det2010,0,0,0,0,1,0,1,0,0,0,0,0,1,1,1,1
det2009,0,0,1,0,0,0,0,0,0,1,0,0,0,0,0,0
det2008,0,0,0,0,0,0,0,0,0,0,0,0,0,0,0,0
det2007,1,1,0,1,0,1,1,1,0,0,0,0,0,0,1,0
det2006,0,0,0,0,0,1,0,1,0,0,0,0,0,0,0,1
det2005,1,0,0,1,0,1,0,0,1,0,0,0,0,0,1,0
det2004,1,1,0,1,0,1,0,0,0,0,0,1,0,0,1,0
det2003,1,0,0,0,0,0,0,1,1,0,0,1,0,0,0,1
det2002,0,0,0,1,0,1,0,1,0,0,0,0,0,0,0,0
det2001,0,0,0,0,0,0,0,0,0,0,0,0,1,0,0,1
det2000,1,1,0,1,0,1,1,0,0,1,1,1,0,0,1,0
det1999,1,1,0,0,1,1,1,1,0,0,1,1,0,0,0,0,0
det1998,0,0,0,1,0,1,0,0,0,1,1,1,0,0,0,0
det1997,1,0,1,0,1,0,1,0,0,0,1,1,1,0,1,1,0
det1996,0,1,0,1,1,1,0,0,0,0,1,0,0,0,0,0
det1995,0,0,0,1,1,0,0,1,0,1,1,1,1,1,1,1,0
det1994,1,0,1,0,0,0,1,1,0,1,0,1,1,1,1,0,0
det1993,1,1,0,1,0,1,1,1,1,0,0,0,1,0,1,1,0
det1992,0,1,0,0,0,0,1,0,0,0,1,0,0,1,1,0
det1991,0,1,1,1,1,1,0,1,0,0,1,1,1,1,1,1,1,0
det1990,0,1,0,0,1,0,1,0,0,0,1,0,0,1,1,0
det1989,0,0,0,0,0,1,0,0,0,1,0,1,1,1,1,1
det1988,1,0,0,0,0,0,0,1,0,0,0,1,0,1,0,0
det1987,0,0,0,1,0,0,0,1,0,0,0,0,1,0,1
det1986,1,0,0,0,1,1,0,0,0,0,1,1,0,0,0,0
det1985,1,1,0,1,0,0,1,1,0,0,1,0,1,0,0,0
det1984,0,1,0,0,0,0,1,1,0,0,0,0,1,0,0,0
det1983,1,0,0,0,0,1,1,0,1,1,0,1,1,1,0,1,0
det1982,1,1,0,0,0,1,0,0,1,0
det1981,1,0,0,1,0,0,1,1,0,0,1,1,1,0,1,0
det1980,1,1,1,1,0,1,0,0,1,0,0,1,0,0,1,1
det1979,0,0,0,1,0,0,0,0,0,0,0,0,1,0,0,0
det1978,0,1,0,0,0,0,0,1,1,0,1,0,1,0,1,1
det1977,0,1,1,0,1,0,0,1,0,1,0,0,1,0
det1976,0,1,0,0,1,0,1,1,0,0,1,1,0,0
det1975,1,1,0,1,0,0,1,1,1,0,0,0,1,0
det1974,0,0,0,0,1,1,1,1,0,1,1,0,1,0
det1973,0,0,1,0,0,0,1,1,0,1,0,1,1,0
det1972,1,0,1,1,0,1,0,1,0,1,1,0,0,1
det1971,0,1,1,1,1,0,0,1,0,1,1,0,0,0
det1970,1,1,1,0,1,1,0,0,0,1,1,1,1,1,0
det1969,0,1,1,0,1,0,1,1,1,1,0,0,1,1
det1968,0,1,1,0,1,0,0,0,0,0,0,0,1,0
det1967,0,1,0,0,0,1,1,0,0,0,0,0,1,1
det1966,1,0,1,0,0,0,0,0,0,1,1,0,0,0
det1965,1,1,1,0,0,0,1,1,0,0,0,0,0,1
det1964,1,0,0,1,1,1,0,1,0,0,0,0,1,1
det1963,1,0,0,1,0,0,1,1,0,0,0,0,1,0
det1962,1,1,1,0,1,0,1,1,1,1,1,1,1,0
det1961,1,1,0,0,1,0,1,0,1,1,0,1,1,0
det1960,0,0,0,1,0,1,1,0,1,1,1,1
det1959,0,0,0,0,1,0,0,1,0,0,1,0
det1958,0,0,0,0,1,0,1,1,0,1,0,0
det1957,0,1,1,1,0,0,1,1,0,1,1,1,1,1
det1956,1,1,1,1,1,1,0,1,0,1,1,0
det1955,0,0,0,0,0,0,1,1,0,1,0,0
det1954,1,1,1,0,1,1,1,1,1,0,0,1,0
det1953,1,1,1,0,1,0,1,1,1,1,1,1,1
det1952,0,1,0,1,1,1,1,1,0,1,1,1,1,1
det1951,1,1,0,0,0,1,1,1,1,0,1,0
det1950,1,1,0,1,0,0,0,0,1,1,1,0
det1949,0,0,0,0,1,0,0,0,1,0,1,1
det1948,0,0,0,0,0,1,0,0,1,0,0,0
det1947,0,0,1,0,0,0,1,0,1,0,0,0
det1946,0,0,0,0,0,0,1,0,0,0,0
det1945,1,0,1,1,1,1,1,0,0,1
det1944,0,1,0,0,0,1,1,1,1,1
det1943,1,1,0,0,1,0,0,0,0,0
det1942,0,0,0,0,0,0,0,0,0,0,0
det1941,0,0,0,1,0,0,1,0,1,0,1
det1940,0,0,1,1,0,1,0,0,1,1,0
det1939,1,1,1,1,0,1,1,0,0,0,0
det1938,1,0,1,0,1,1,1,0,1,1,0
det1937,1,1,0,1,1,0,0,1,1,1,0
det1936,1,1,1,0,0,0,1,1,1,1,0,1
det1935,1,0,0,1,0,1,1,0,1,0,1,1,1
det1934,1,1,1,1,1,1,1,1,1,1,0,0,0
det1933,1,1,1,0,1,1,0,1,0,0,0
det1932,1,0,0,0,1,1,1,0,1,0,1,0
det1931,1,1,1,1,1,1,1,1,0,0,1,1,0,1
det1930,1,1,0,1,0,1,0,0,0,0,0,0,1,0
gnb2017,1,0,1,1,1,0,0,0,1,0,0,1,1,0,0,0
gnb2016,1,0,1,1,0,1,0,0,0,0,1,1,1,1,1,1,1,1,0
gnb2015,1,1,1,1,1,1,0,0,0,1,0,1,1,1,0,0,1,0
gnb2014,0,1,0,1,1,1,1,0,1,1,1,1,1,0,1,1,1,0
gnb2013,0,1,0,1,1,1,1,0,0,0,0,0,1,1,0,1,0
gnb2012,0,1,0,1,0,1,1,1,1,1,0,1,1,1,1,0,1,0
gnb2011,1,1,1,1,1,1,1,1,1,1,1,1,1,0,1,1,0
gnb2010,1,1,0,1,0,0,1,1,1,1,0,1,0,0,1,1,1,1,1,1
gnb2009,1,0,1,0,1,1,0,0,1,1,1,1,1,0,1,1,0
gnb2008,1,1,0,0,0,1,1,0,0,1,0,0,0,0,0,1
gnb2007,1,1,1,1,0,1,1,1,1,1,1,0,1,1,0,1,1,0
gnb2006,0,0,1,0,0,1,1,0,1,0,0,0,1,1,1,1
gnb2005,0,0,0,0,1,0,0,0,1,0,0,0,1,0,0,1
gnb2004,1,0,0,0,0,1,1,1,1,1,1,0,1,0,1,1,0
gnb2003,0,1,0,1,1,0,0,1,0,1,1,0,1,1,1,1,1,0
gnb2002,1,0,1,1,1,1,1,1,1,0,0,1,1,1,1,0,0
gnb2001,1,1,1,0,1,0,1,1,0,1,1,1,0,1,1,1,1,0
gnb2000,0,0,1,1,0,0,1,0,1,0,1,0,1,1,1,1
gnb1999,1,0,1,1,0,1,0,0,0,1,1,1,0,0,0,1
gnb1998,1,1,1,1,0,0,1,1,0,1,0,1,0,1,1,1,0
gnb1997,1,0,1,1,0,1,1,1,1,1,0,1,1,1,1,1,1,1,0
gnb1996,1,1,1,0,1,1,1,1,1,0,0,1,1,1,1,1,1,1,1
gnb1995,0,1,1,1,0,1,1,0,0,1,1,1,1,0,1,1,1,1,0
gnb1994,1,0,0,1,0,1,0,1,1,1,0,0,0,1,1,1,1,0
gnb1993,1,0,0,0,1,1,1,0,1,1,1,0,1,0,1,0,1,0
gnb1992,0,0,1,1,0,0,0,1,0,1,1,1,1,1,1,0
gnb1991,0,0,1,0,0,0,0,1,0,0,0,1,0,0,0,1
gnb1990,1,0,0,1,0,0,1,0,1,1,1,0,0,0,0,0
gnb1989,0,1,0,1,1,0,0,1,1,0,1,1,1,0,1,1
gnb1988,0,0,0,0,0,1,1,0,0,0,0,0,0,0,1,1
gnb1987,0,0,1,0,1,1,0,0,0,1,0,0,1,0,0
gnb1986,0,0,0,0,0,0,1,0,0,0,1,0,1,0,1,0
gnb1985,0,1,0,0,1,1,0,0,0,1,1,0,1,0,1,1
gnb1984,1,0,0,0,0,0,0,0,1,1,1,1,0,1,1,1
gnb1983,1,0,1,0,1,0,1,0,0,1,1,0,0,1,1,0
gnb1982,1,1,1,0,1,0,0,1,0,1,0
gnb1981,1,0,0,0,1,0,0,0,1,1,1,0,1,1,1,0
gnb1980,1,0,0,0,1,0,0,1,0,1,0,1,0,0,0,0
gnb1979,0,1,0,0,1,0,1,0,0,0,1,0,0,0,0,1
gnb1978,1,1,0,1,1,1,1,0,1,0,0,0,0,1,0,0
gnb1977,1,0,0,0,0,1,0,0,0,0,0,1,0,1
gnb1976,0,0,0,1,1,1,0,0,1,0,0,0,0,1
gnb1975,0,0,0,0,1,0,0,0,0,1,1,0,0,1
gnb1974,0,1,1,0,1,0,0,0,1,1,1,0,0,0
gnb1973,1,0,0,1,0,0,0,0,1,0,0,1,0,1
gnb1972,1,0,1,1,1,0,0,1,1,1,0,1,1,1,0
gnb1971,0,1,1,0,0,0,0,1,0,0,0,0,1,0
gnb1970,0,1,1,1,0,1,0,0,1,0,0,1,0,0
gnb1969,1,1,0,1,0,1,1,0,0,0,1,0,1,1
gnb1968,1,0,0,1,0,0,1,0,0,1,1,0,0,1
gnb1967,0,1,1,1,0,1,1,0,1,1,1,1,0,0,1,1,1
gnb1966,1,1,1,1,0,1,1,1,0,1,1,1,1,1,1,1
gnb1965,1,1,1,1,1,1,0,0,1,1,0,1,1,0,1,1
gnb1964,1,0,1,0,1,0,0,1,1,0,1,1,1,0
gnb1963,0,1,1,1,1,1,1,1,1,0,1,0,1,1
gnb1962,1,1,1,1,1,1,1,1,1,1,0,1,1,1,1
gnb1961,0,1,1,1,1,1,1,0,1,1,1,1,0,1,1
gnb1960,0,1,1,1,1,0,1,0,0,1,1,1,0
gnb1959,1,1,1,0,0,0,0,0,1,1,1,1
gnb1958,0,0,0,0,1,0,0,0,0,0,0,0
gnb1957,1,0,0,0,1,0,0,0,1,0,0,0
gnb1956,0,0,1,1,0,0,0,0,1,1,0,0
gnb1955,1,1,0,1,0,0,0,1,1,0,1,0
gnb1954,0,0,0,1,1,1,0,1,0,0,0,0
gnb1953,0,0,0,1,0,1,0,0,0,0,0,0
gnb1952,0,1,0,1,0,1,1,1,1,0,0,0
gnb1951,0,1,1,0,1,0,0,0,0,0,0,0
gnb1950,0,1,1,0,0,0,0,0,0,1,0,0
gnb1949,0,0,1,0,0,1,0,0,0,0,0,0
gnb1948,1,0,1,0,1,0,0,0,0,0,0,0
gnb1947,1,1,0,1,1,0,0,0,0,1,1,0
gnb1946,0,0,1,1,1,0,1,1,0,1,0
gnb1945,1,1,0,1,1,0,0,1,1,0
gnb1944,1,1,1,1,1,1,0,1,0,1,1
gnb1943,0,1,1,0,1,1,0,1,1,1
gnb1942,0,1,1,1,1,1,1,0,0,1,1
gnb1941,1,1,0,1,1,1,1,1,1,1,1,0
gnb1940,1,0,1,1,0,1,0,1,0,1,0
gnb1939,1,1,0,1,1,1,0,1,1,1,1,1
gnb1938,1,0,1,1,0,1,1,1,1,1,0,0
gnb1937,0,0,1,1,1,1,1,1,1,0,0
gnb1936,1,0,1,1,1,1,1,1,1,1,1,0,1
gnb1935,0,1,1,1,0,1,1,1,0,1,0,1
gnb1934,1,0,1,0,1,1,0,1,0,0,1,0,1
gnb1933,0,0,0,1,1,0,1,1,0,0,0,1,0
gnb1932,1,0,1,1,1,1,1,1,1,0,1,1,0,0
gnb1931,1,1,1,1,1,1,1,1,1,0,1,1,1,0
gnb1930,1,1,1,1,1,1,1,1,0,0,1,1,0,0
gnb1929,1,1,1,1,1,1,1,1,1,1,0,1,1
gnb1928,0,0,0,1,1,1,1,0,1,0,0,0,1
gnb1927,1,1,0,1,1,1,0,1,0,1
gnb1926,1,0,0,0,1,1,1,1,1,0,0,1,0
gnb1925,1,1,0,1,1,1,1,0,1,0,0,0,1
gnb1924,0,0,1,1,1,1,1,1,0,1,0
gnb1923,1,0,0,1,0,1,1,1,1,1
gnb1922,0,0,0,0,0,1,1,0,1,1
gnb1921,1,0,1,1,0,0
htx2017,0,1,0,1,0,1,0,0,0,1,0,0,0,0,0,0
htx2016,1,1,0,1,0,1,0,1,1,0,0,0,1,1,1,0,1,0
htx2015,0,0,1,0,0,1,0,1,1,1,1,0,0,1,1,1,0
htx2014,1,1,0,1,0,0,0,1,0,1,0,1,1,0,1,1
htx2013,1,1,0,0,0,0,0,0,0,0,0,0,0,0,0,0
htx2012,1,1,1,1,1,0,1,1,1,1,1,1,0,1,0,0,1,0
htx2011,1,1,0,1,0,0,1,1,1,1,1,1,1,0,0,0,1,0
htx2010,1,1,0,1,0,1,0,0,0,0,1,0,0,0,0,1
htx2009,0,1,0,1,0,1,1,1,0,0,0,0,1,1,1,1
htx2008,0,0,0,0,1,1,1,0,0,0,1,1,1,1,0,1
htx2007,1,1,0,0,1,0,0,0,1,1,0,0,1,1,0,1
htx2006,0,0,0,1,0,1,0,0,1,0,0,1,0,0,1,1
htx2005,0,0,0,0,0,0,1,0,0,0,0,0,0,1,0,0
htx2004,0,0,1,1,0,1,1,0,0,0,1,0,0,1,1,0
htx2003,1,0,0,1,0,0,0,1,0,1,0,1,0,0,0,0
htx2002,1,0,0,0,0,0,1,0,0,0,1,0,1,0,0,0
clt2017,0,0,1,0,1,0,0,0,1,0,0,0,0,0,0,1
clt2016,0,0,1,0,1,0,1,0,1,1,0,1,0,1,0,1
clt2015,0,0,1,1,1,0,0,0,1,1,1,0,0,0,1,1
clt2014,0,0,1,1,1,1,1,0,1,0,1,1,1,1,0,1,1,1,0
clt2013,1,0,1,1,1,0,1,1,0,1,0,1,0,1,1,1,1,0
clt2012,0,1,0,1,0,1,1,1,1,0,1,1,1,0,1,1,0
clt2011,0,0,0,0,0,0,0,0,0,0,0,0,0,1,1,0
clt2010,0,1,1,0,1,1,1,0,1,0,0,0,1,1,1,1,0
clt2009,1,1,1,1,1,1,1,1,1,1,1,1,1,1,0,0,1,1,0
clt2008,0,1,0,1,1,0,0,1,1,1,1,1,1,1,1,1,0
clt2007,1,1,1,1,1,1,1,0,0,1,1,1,1,1,1,0,0
clt2006,1,1,1,1,1,1,1,1,1,0,1,0,0,1,0,1,1,1,1,1
clt2005,1,1,1,1,1,1,1,1,1,1,1,1,1,0,0,1,0
clt2004,0,1,1,1,1,0,0,1,1,1,1,1,1,1,1,0,1,0
clt2003,1,1,1,1,1,0,1,1,0,1,1,0,1,1,0,1,1,1,0
clt2002,1,0,1,1,1,0,0,0,1,1,1,1,0,1,0,1,0
clt2001,1,1,0,0,0,1,1,0,0,0,0,0,1,0,0,1
clt2000,1,0,1,1,0,1,1,1,0,1,0,0,0,1,1,1,0
clt1999,1,0,1,0,1,1,1,1,1,1,1,1,1,1,1,0,0
clt1998,0,0,0,0,1,0,0,0,0,1,0,0,0,1,0,0
clt1997,0,0,0,0,0,0,0,0,0,0,1,0,0,1,1,0
clt1996,1,1,1,1,0,1,0,0,0,0,1,0,1,1,1,0,0
clt1995,0,1,0,1,1,1,0,1,0,0,1,1,0,1,0,1,1,1,0
clt1994,1,0,0,0,1,0,1,0,1,0,1,0,1,0,1,1
clt1993,0,1,1,0,0,0,1,0,0,0,0,1,0,0,0,0
clt1992,1,0,0,1,1,0,1,0,0,0,0,1,1,1,1,1
clt1991,0,0,0,0,0,0,0,0,0,1,0,0,0,0,0,0
clt1990,0,0,0,1,1,0,0,0,1,1,1,0,0,1,1,0
clt1989,0,0,1,1,1,0,1,0,0,0,1,1,0,1,1,0
clt1988,0,0,0,1,0,0,1,1,1,1,1,0,1,1,0,1
clt1987,0,0,1,1,0,1,1,0,1,0,1,1,0,1,1,0
clt1986,0,0,0,0,0,0,0,0,0,0,0,0,0,1,1,1
clt1985,0,0,1,0,1,0,0,1,0,0,0,0,0,0,1,1
clt1984,0,1,0,0,1,0,0,1,0,0,1,0,0,0,0,0
clt1983,1,0,0,1,1,1,0,0,1,1,0,0,0,0,0,1
clt1982,0,0,0,0,0,0,0,0,0
clt1981,1,0,0,0,0,0,0,0,0,0,0,0,0,0,0,1
clt1980,1,0,0,1,1,1,0,0,1,0,1,0,1,0,0,0
clt1979,0,0,0,0,0,1,0,1,1,1,0,0,0,0,0,1
clt1978,0,0,1,0,0,1,0,1,0,1,1,0,0,0,0,0
clt1977,1,1,1,1,1,0,1,1,1,1,0,0,0,1,0
clt1976,1,1,0,1,1,1,1,1,1,0,1,1,0,1,0
clt1975,1,0,0,0,0,1,1,1,1,1,1,1,1,1,0
clt1974,0,0,0,0,0,1,0,0,0,1,0,0,0,0
clt1973,0,0,1,0,0,1,0,0,0,0,0,0,1,1
clt1972,0,0,1,0,0,0,0,1,0,1,1,1,0,0
clt1971,1,0,1,1,1,0,1,1,1,0,1,1,1,0,1,0
clt1970,1,0,1,1,1,1,1,1,0,0,1,1,1,1,1,1,1
clt1969,0,0,1,1,1,0,1,1,0,1,1,0,0,1
clt1968,1,1,1,1,1,0,1,1,1,1,1,1,1,1,1,1,0
clt1967,1,1,1,1,0,0,1,1,1,1,1,1,1,0
clt1966,0,1,1,0,1,1,1,1,1,0,0,1,0,1
clt1965,1,0,1,1,1,1,1,1,1,1,0,0,0,1,0
clt1964,0,1,1,1,1,1,1,1,1,1,1,1,0,1,0
clt1963,0,1,0,0,1,1,0,0,1,1,0,1,1,1
clt1962,1,1,0,0,1,0,0,1,1,0,0,0,1,1
clt1961,1,0,1,0,0,1,0,1,0,1,1,1,0,1
clt1960,1,1,0,1,0,1,1,1,0,0,0,0
clt1959,1,0,1,1,1,0,0,1,1,1,1,1,1
clt1958,1,1,1,1,1,1,0,1,1,1,0,0,1
clt1957,1,1,1,0,0,0,1,1,1,1,0,0
clt1956,1,0,0,0,1,1,0,1,0,0,0,1
clt1955,1,1,1,0,0,1,0,0,0,1,0,0
clt1954,0,1,0,0,0,0,0,0,0,1,1,0
clt1953,1,0,1,0,1,0,0,0,0,0,0,0
jax2017,1,0,1,0,1,0,1,1,1,1,0,1,1,1,0,0,1,1,0
jax2016,0,0,0,1,1,0,0,0,0,0,0,0,0,0,1,0
jax2015,0,1,0,0,0,0,1,0,1,1,0,0,1,0,0,0
jax2014,0,0,0,0,0,0,1,0,0,0,0,1,0,0,1,0
jax2013,0,0,0,0,0,0,0,0,1,0,1,1,1,0,0,0
jax2012,0,0,1,0,0,0,0,0,0,0,1,0,0,0,0,0
jax2011,1,0,0,0,0,0,1,0,1,0,0,0,1,0,0,1
jax2010,1,0,0,1,1,0,0,1,1,1,0,1,1,0,0,0
jax2009,0,0,1,1,0,1,0,1,1,1,0,1,0,0,0,0
jax2008,0,0,1,1,0,1,0,0,1,0,0,0,0,1,0,0
jax2007,0,1,1,1,1,0,1,0,1,1,1,0,1,1,1,0,1,0
jax2006,1,1,0,0,1,0,1,1,0,1,0,1,1,0,0,0
jax2005,1,0,1,0,1,1,0,1,1,1,1,1,0,1,1,1,0
jax2004,1,1,1,0,0,1,1,0,1,0,0,0,1,1,0,1
jax2003,0,0,0,0,1,0,0,0,1,0,0,1,1,0,1,0
jax2002,0,1,1,1,0,0,0,0,1,1,0,0,0,1,0,0
jax2001,1,1,0,0,0,0,0,1,0,0,0,1,1,1,0,0
jax2000,1,0,1,0,0,0,0,0,1,0,1,1,1,1,0,0
jax1999,1,1,0,1,1,1,1,1,1,1,1,1,1,1,0,1,1,0
jax1998,1,1,1,1,1,0,0,1,1,1,0,1,1,0,0,1,1,0
jax1997,1,1,1,0,1,1,0,0,1,1,1,0,1,0,1,1,0
jax1996,1,0,0,0,1,0,1,0,0,1,0,1,1,1,1,1,1,1,0
jax1995,0,0,0,0,1,1,0,1,0,0,0,0,0,0,0,1
kan2017,1,1,1,1,1,0,0,1,0,0,0,0,1,1,1,1,0
kan2016,1,0,1,0,1,1,1,1,1,0,1,1,1,0,1,1,0
kan2015,1,0,0,0,0,0,1,1,1,1,1,1,1,1,1,1,1,0
kan2014,0,0,1,1,0,1,1,1,1,1,0,0,0,1,0,1
kan2013,1,1,1,1,1,1,1,1,1,0,0,0,1,1,0,0,0
kan2012,0,0,1,0,0,0,0,0,0,0,0,1,0,0,0,0
kan2011,0,0,0,1,1,1,1,0,0,0,0,1,0,1,0,1
kan2010,1,1,1,0,0,1,1,0,0,1,1,1,0,1,1,0,0
kan2009,0,0,0,0,0,1,0,0,1,1,0,0,0,0,0,1
kan2008,0,0,0,1,0,0,0,0,0,0,0,1,0,0,0,0
kan2007,0,0,1,1,0,1,1,0,0,0,0,0,0,0,0,0
kan2006,0,0,1,1,0,1,1,1,0,1,1,0,0,0,1,1,0
kan2005,1,1,0,0,1,1,0,1,0,1,1,1,0,0,1,1
kan2004,0,0,0,1,0,1,1,0,0,0,0,1,1,1,1,0
kan2003,1,1,1,1,1,1,1,1,1,0,1,1,0,1,0,1,0
kan2002,1,0,0,1,1,0,0,1,0,1,0,1,1,0,1,0
kan2001,0,0,1,0,0,0,0,1,0,1,0,0,1,1,1,0
kan2000,0,0,1,1,1,0,1,1,0,0,0,0,0,1,1,0
kan1999,0,1,1,0,1,1,1,0,0,0,1,1,1,1,0,0
kan1998,1,0,1,1,1,0,0,0,0,0,0,1,0,1,0,1
kan1997,0,1,1,1,1,0,1,1,1,0,1,1,1,1,1,1,0
kan1996,1,1,1,1,0,0,1,0,1,1,1,0,1,0,0,0
kan1995,1,1,1,0,1,1,1,1,1,1,1,0,1,0,1,1,0
kan1994,1,1,1,0,0,1,1,0,1,0,1,0,0,0,1,1,0
kan1993,1,0,1,1,1,1,0,1,1,0,1,1,0,1,0,1,1,1,0
kan1992,1,1,0,1,0,1,0,0,1,1,1,1,0,1,0,1,0
kan1991,1,0,0,1,1,1,1,0,1,1,0,0,1,1,0,1,1,0
kan1990,1,0,1,1,0,1,0,1,0,1,1,1,1,0,1,1,0
kan1989,0,1,0,0,1,0,1,0,1,0,0,1,1,1,0,1
kan1988,0,0,1,0,0,0,0,0,0,0,1,1,0,1,0,0
kan1987,1,0,0,0,0,0,0,0,0,0,1,0,1,0,1
kan1986,1,0,1,1,0,0,1,1,1,1,0,0,0,1,1,1,0
kan1985,1,1,0,1,0,0,0,0,0,0,0,1,0,1,0,1
kan1984,1,1,0,0,1,0,1,0,1,0,0,0,0,1,1,1
kan1983,1,0,0,0,1,0,1,1,0,0,1,0,0,0,0,1
kan1982,0,1,0,0,0,0,1,0,1
kan1981,1,1,0,1,0,1,1,1,0,0,1,1,0,0,0,1
kan1980,0,0,0,0,1,1,1,1,0,1,0,1,0,1,0,1
kan1979,1,0,0,1,1,1,0,0,0,0,0,1,0,1,1,0
kan1978,1,0,0,0,0,0,0,1,0,0,0,0,1,1,0,0
kan1977,0,0,0,0,0,1,0,1,0,0,0,0,0,0
kan1976,0,0,0,0,1,1,0,1,0,0,0,1,0,1
kan1975,0,0,0,1,1,1,0,1,0,1,0,0,0,0
kan1974,1,0,1,0,0,0,1,0,0,1,0,1,0,0
kan1973,0,1,1,1,0,0,0,1,1,1,0,0,0,1
kan1972,0,1,1,1,0,0,1,1,0,0,0,1,1,1
kan1971,0,1,1,1,1,1,0,0,1,1,0,1,1,1,0
kan1970,0,1,0,1,1,0,0,1,1,0,1,1,0,0
kan1969,1,1,0,1,1,1,1,1,1,1,0,1,1,0,1,1,1
kan1968,1,0,1,1,1,1,1,1,0,1,1,1,1,1,0
kan1967,1,1,0,1,0,0,1,1,1,0,0,1,1,1
kan1966,1,1,1,0,1,0,1,1,1,1,0,1,1,1,1,0
kan1965,0,1,0,1,1,0,0,1,0,1,0,1,0,1
kan1964,0,1,1,0,0,0,1,1,0,1,0,0,1,1
kan1963,1,0,0,1,0,0,0,0,0,0,0,1,1,1
kan1962,1,1,1,0,1,1,1,0,1,1,1,0,1,1,1
kan1961,0,1,1,1,0,0,0,0,0,0,1,0,1,1
kan1960,0,1,1,0,0,0,1,1,1,0,0,1,1,1
sdg2017,0,0,0,0,1,1,1,0,0,1,1,1,1,0,1,1
sdg2016,0,1,0,0,0,1,1,0,1,0,1,0,0,0,0,0
sdg2015,1,0,0,1,0,0,0,0,0,0,1,0,0,1,0,0
sdg2014,0,1,1,1,1,1,0,0,0,1,1,1,0,0,1,0
sdg2013,0,1,0,1,0,1,1,0,0,0,1,0,1,1,1,1,1,0
sdg2012,1,1,0,1,0,0,0,1,0,0,0,0,1,0,1,1
sdg2011,1,0,1,1,1,0,0,0,0,0,0,1,1,1,0,1
sdg2010,0,1,0,1,0,0,0,1,1,1,1,0,1,1,0,1
sdg2009,1,0,1,0,0,1,1,1,1,1,1,1,1,1,1,1,0
sdg2008,0,0,1,1,0,1,0,0,1,0,0,0,1,1,1,1,1,0
sdg2007,1,0,0,0,1,1,1,0,1,0,1,1,1,1,1,1,1,1,0
sdg2006,1,1,0,1,1,0,1,1,1,1,1,1,1,1,1,1,0
sdg2005,0,0,1,1,0,1,0,1,1,1,1,1,0,1,0,0
sdg2004,1,0,0,1,1,0,1,1,1,1,1,1,1,1,0,1,0
sdg2003,0,0,0,0,0,1,0,0,1,0,0,0,1,0,0,1
sdg2002,1,1,1,1,0,1,1,0,0,1,0,1,0,0,0,0
sdg2001,1,1,1,0,0,1,1,0,0,0,0,0,0,0,0,0
sdg2000,0,0,0,0,0,0,0,0,0,0,0,1,0,0,0,0
sdg1999,1,0,1,1,1,0,0,0,0,0,0,1,1,0,1,1
sdg1998,1,1,0,0,0,0,1,0,0,1,1,0,0,0,0,0
sdg1997,0,1,0,0,1,1,0,1,0,0,0,0,0,0,0,0
sdg1996,1,1,0,1,1,0,0,0,1,1,0,1,0,0,0,1
sdg1995,0,1,1,1,0,0,0,1,0,0,0,1,1,1,1,1,0
sdg1994,1,1,1,1,1,1,0,1,0,1,0,1,0,0,1,1,1,1,0
sdg1993,1,0,1,0,0,0,1,1,0,0,1,1,0,0,1,1
sdg1992,0,0,0,0,1,1,1,1,0,1,1,1,1,1,1,1,1,0
sdg1991,0,0,0,0,0,1,0,0,0,1,1,0,0,0,1,0
sdg1990,0,0,1,0,0,1,0,1,1,1,0,0,1,0,0,0
sdg1989,0,0,1,1,0,0,0,0,1,1,0,0,0,0,1,1
sdg1988,0,0,1,1,0,0,0,0,0,0,1,1,0,0,1,1
sdg1987,0,1,1,1,1,1,1,1,1,0,0,0,0,0,0
sdg1986,1,0,0,0,0,0,0,0,0,1,0,0,1,1,0,0
sdg1985,1,0,1,0,0,1,0,0,1,1,0,0,1,1,1,0
sdg1984,1,0,1,0,1,1,0,0,0,1,0,1,0,1,0,0
sdg1983,0,1,0,0,1,1,0,0,0,0,1,0,1,0,1,0
sdg1982,1,0,0,1,1,1,1,1,0,1,0
sdg1981,1,1,1,0,1,0,1,0,1,0,0,1,1,0,1,1,1,0
sdg1980,1,1,1,1,0,0,1,0,1,0,1,1,1,0,1,1,1,0
sdg1979,1,1,1,0,1,0,1,1,0,1,1,1,1,0,1,1,0
sdg1978,1,0,0,0,0,1,0,0,1,1,1,1,0,1,1,1
sdg1977,0,1,1,1,0,0,1,0,0,1,1,1,0,0
sdg1976,1,1,1,0,0,1,0,0,0,0,1,0,1,0
sdg1975,0,0,0,0,0,0,0,0,0,0,0,1,1,0
sdg1974,0,1,0,0,0,0,0,1,1,0,0,0,1,1
sdg1973,0,1,0,0,0,0,0,0,0,1,0,0,0,0
sdg1972,0,1,0,1,0,0,0,0,0,1,1,0,0,0
sdg1971,1,0,0,0,0,1,1,0,1,0,0,1,1,0
sdg1970,0,0,0,0,1,0,1,1,1,0,0,0,0,1
sdg1969,0,0,1,1,1,1,0,0,0,0,1,1,1,1
sdg1968,1,1,1,0,1,1,0,1,1,1,0,1,0,0
sdg1967,1,1,1,0,1,1,0,1,1,1,0,0,0,0
sdg1966,1,1,1,1,0,0,0,1,0,0,0,1,1,0
sdg1965,1,1,0,1,1,0,1,0,1,0,0,1,1,1,0
sdg1964,1,0,0,0,1,1,1,1,1,1,0,1,0,0,0
sdg1963,1,1,1,0,1,1,0,1,1,1,1,0,1,1,1
sdg1962,0,1,0,1,1,0,0,0,0,0,0,1,0,0
sdg1961,1,1,1,1,1,1,1,1,1,1,1,0,1,0,0
sdg1960,1,0,0,1,0,1,1,1,1,0,1,1,1,1,0
ram2017,1,0,1,1,0,1,1,1,1,0,1,1,0,1,1,0,0
ram2016,0,1,1,1,0,0,0,0,1,0,0,0,0,0,0,0
ram2015,1,0,0,1,0,1,1,0,0,0,0,0,1,1,1,0
ram2014,0,1,0,0,0,1,0,1,0,1,0,1,1,0,0,0
ram2013,1,0,0,0,1,1,0,0,0,1,1,0,0,1,1,0
ram2012,0,1,0,1,1,0,0,0,0,0,1,1,1,0,1,0
ram2011,0,0,0,0,0,0,1,0,1,0,0,0,0,0,0,0
ram2010,0,0,1,1,0,1,0,1,0,0,1,1,0,0,1,0
ram2009,0,0,0,0,0,0,0,1,0,0,0,0,0,0,0,0
ram2008,0,0,0,0,1,1,0,0,0,0,0,0,0,0,0,0
ram2007,0,0,0,0,0,0,0,0,1,1,0,1,0,0,0,0
ram2006,1,0,1,1,1,0,0,0,0,0,1,0,0,1,1,1
ram2005,0,1,1,0,0,0,1,1,0,0,1,0,0,0,0,1
ram2004,1,0,0,1,1,1,0,0,1,0,0,1,0,0,1,1,1,0
ram2003,0,1,0,1,1,1,1,0,1,1,1,1,1,1,1,0,0
ram2002,0,0,0,0,0,1,1,1,1,1,0,0,0,1,0,1
ram2001,1,1,1,1,1,1,0,1,1,0,1,1,1,1,1,1,1,1,0
ram2000,1,1,1,1,1,1,0,1,0,1,0,0,0,1,0,1,0
ram1999,1,1,1,1,1,1,0,0,1,1,1,1,1,1,1,0,1,1,1
ram1998,0,0,1,0,1,0,0,0,1,0,0,0,0,1,0,0
ram1997,1,0,0,1,0,0,0,0,0,0,0,0,1,1,0,1
ram1996,1,0,0,0,0,0,1,0,0,1,0,0,1,0,1,1
ram1995,1,1,1,1,0,1,0,0,0,1,0,0,1,0,0,0
ram1994,1,0,0,1,0,0,1,0,1,0,0,0,0,0,0,0
ram1993,0,1,0,1,0,0,0,0,0,1,0,0,1,0,0,1
ram1992,0,1,0,1,0,0,1,0,0,1,0,0,1,0,0,1
ram1991,0,1,0,0,1,1,0,0,0,0,0,0,0,0,0,0
ram1990,0,1,0,0,0,1,0,1,0,0,1,1,0,0,0,0
ram1989,1,1,1,1,1,0,0,0,0,1,1,1,1,0,1,1,1,1,0
ram1988,1,1,1,1,0,1,0,1,1,0,0,0,0,1,1,1,0
ram1987,0,0,0,1,0,0,0,0,1,1,1,1,1,0,0
ram1986,1,1,1,0,1,0,1,1,1,0,0,1,1,1,0,0,0
ram1985,1,1,1,1,1,1,1,0,1,0,0,1,0,1,1,0,1,0
ram1984,0,1,0,1,1,0,1,1,0,1,1,0,1,1,1,0,0
ram1983,1,1,0,0,1,1,1,0,0,1,1,0,1,0,0,1,1,0
ram1982,0,0,0,1,0,0,0,0,1
ram1981,0,0,1,1,1,1,0,0,1,0,0,0,0,0,1,0
ram1980,0,0,1,1,1,1,1,0,1,0,1,1,1,0,1,1,0
ram1979,0,1,1,0,1,1,0,0,0,1,0,1,1,1,1,0,1,1,0
ram1978,1,1,1,1,1,1,1,0,0,1,1,1,0,1,0,1,1,0
ram1977,0,1,1,0,1,1,0,1,1,1,1,1,1,0,0
ram1976,1,0,1,1,0,1,1,1,0,0,1,1,1,1,1,0
ram1975,0,1,1,1,1,1,1,0,1,1,1,1,1,1,1,0
ram1974,1,1,0,1,0,1,1,1,1,0,1,1,0,1,1,0
ram1973,1,1,1,1,1,1,0,0,1,1,1,1,1,1,0
ram1972,1,0,0,1,1,1,0,1,0,0,0,1,0,0
ram1971,0,0,1,1,1,1,0,0,1,1,0,1,0,1
ram1970,1,1,1,0,1,0,1,0,0,1,1,1,0,1
ram1969,1,1,1,1,1,1,1,1,1,1,1,0,0,0,0
ram1968,1,1,1,1,1,1,0,1,1,0,1,1,0,0
ram1967,1,1,1,0,0,0,1,1,1,1,1,1,1,1,0
ram1966,1,1,0,1,1,0,0,0,0,1,1,1,1,0
ram1965,0,1,0,0,0,0,0,0,0,0,1,1,1,0
ram1964,1,0,1,0,0,1,1,0,1,0,0,0,0,0
ram1963,0,0,0,0,0,1,1,0,0,1,1,1,0,0
ram1962,0,0,0,0,0,0,1,0,0,0,0,0,0,0
ram1961,0,0,1,0,0,0,0,1,1,0,0,0,1,0
ram1960,0,0,0,0,0,1,1,0,1,0,1,0
ram1959,0,0,1,1,0,0,0,0,0,0,0,0
ram1958,0,1,1,0,0,1,1,1,0,1,1,1
ram1957,1,0,0,0,1,0,1,1,0,0,1,1
ram1956,1,0,0,0,0,0,1,0,0,0,1,1
ram1955,1,1,1,0,1,0,1,0,0,1,1,1,0
ram1954,1,0,0,0,1,0,1,1,1,0,0,1
ram1953,1,0,1,1,1,1,0,0,1,0,1,1
ram1952,0,0,1,0,1,1,1,1,1,1,1,1,0
ram1951,1,0,1,1,0,1,1,1,0,1,0,1,1
ram1950,0,1,1,0,1,1,1,1,1,1,0,1,1,0
ram1949,1,1,1,1,1,1,0,0,0,1,0,1,0
ram1948,1,0,0,0,1,0,0,1,0,1,1,1
ram1947,1,0,1,1,0,0,0,0,1,0,1,1
ram1946,0,1,0,1,0,1,0,1,0,1,1
ram1945,1,1,1,1,0,1,1,1,1,1,1
ram1944,1,1,1,0,0,0,0,1,0,0
ram1943
ram1942,0,1,1,0,0,0,1,1,0,1,0
ram1941,1,1,0,0,0,0,0,0,0,0,0
ram1940,1,0,0,0,1,0,1,1,0,0,0
ram1939,0,0,1,0,0,1,0,1,1,0,1
ram1938,0,0,0,1,1,1,0,0,0,0,1
ram1937,0,1,0,0,0,0,0,0,0,0,0
mia2017,1,0,0,1,1,1,0,0,0,0,0,1,1,0,0,0
mia2016,0,0,1,0,0,1,1,1,1,1,1,0,1,1,1,0,0
mia2015,1,0,0,0,1,1,0,0,1,0,0,1,0,0,0,1
mia2014,1,0,0,1,0,1,1,1,0,1,0,1,0,0,1,0
mia2013,1,1,1,0,0,0,0,1,0,1,0,1,1,1,0,0
mia2012,0,1,0,0,1,1,1,0,0,0,1,0,0,1,1,0
mia2011,0,0,0,0,0,0,0,1,1,1,0,1,0,1,0,1
mia2010,1,1,0,0,1,0,1,0,1,0,1,0,1,0,0,0
mia2009,0,0,0,1,1,0,1,0,1,1,0,1,1,0,0,0
mia2008,0,0,1,1,0,0,1,1,1,1,0,1,1,1,1,1,0
mia2007,0,0,0,0,0,0,0,0,0,0,0,0,0,1,0,0
mia2006,0,0,1,0,0,0,0,1,1,1,1,0,1,0,0,0
mia2005,1,0,1,0,0,0,1,0,0,0,1,1,1,1,1,1
mia2004,0,0,0,0,0,0,1,0,0,0,1,0,0,1,1,0
mia2003,0,1,1,1,1,0,1,0,0,1,1,1,0,0,1,1
mia2002,1,1,1,0,1,1,0,0,0,1,1,0,1,1,0,0
mia2001,1,1,0,1,0,1,1,1,0,1,1,1,0,0,1,1,0
mia2000,1,0,1,1,1,1,0,1,1,1,0,1,1,0,0,1,1,0
mia1999,1,1,0,1,1,1,1,1,0,1,0,0,0,1,0,0,1,0
mia1998,1,1,1,0,0,1,1,0,1,1,0,1,1,0,1,0,1,0
mia1997,1,1,0,0,1,1,1,0,0,1,1,0,1,1,0,0,0
mia1996,1,1,1,0,0,1,0,0,0,1,1,0,0,0,1,1
mia1995,1,1,1,1,0,0,0,1,1,0,0,0,1,1,0,1,0
mia1994,1,1,1,0,1,0,1,1,1,0,0,1,0,1,0,1,1,0
mia1993,1,0,1,1,1,1,1,0,1,1,1,0,0,0,0,0
mia1992,1,1,1,1,1,1,0,0,1,0,1,0,0,1,1,1,1,0
mia1991,0,1,0,1,0,1,0,0,1,1,0,1,1,1,0,0
mia1990,1,1,0,1,1,1,1,1,1,0,1,0,1,1,0,1,1,0
mia1989,0,1,0,0,1,1,1,0,1,1,1,0,0,1,0,0
mia1988,0,0,1,0,1,1,1,0,1,0,0,0,0,0,1,0
mia1987,0,1,0,1,0,0,1,1,0,1,0,1,1,1,0
mia1986,0,1,0,0,0,1,0,1,1,0,1,1,0,1,1,0
mia1985,0,1,1,1,1,0,1,0,0,1,1,1,1,1,1,1,1,0
mia1984,1,1,1,1,1,1,1,1,1,1,1,0,1,0,1,1,1,1,0
mia1983,1,1,0,1,0,0,1,1,1,1,0,1,1,1,1,1,0
mia1982,1,1,1,0,1,0,1,1,1,1,1,1,0
mia1981,1,1,1,1,0,0,1,0,1,1,0,0,1,1,1,1,0
mia1980,0,1,1,1,0,0,1,0,0,1,1,0,0,1,1,0
mia1979,1,1,1,1,0,0,1,0,1,0,1,0,1,1,1,0,0
mia1978,0,1,1,0,1,1,1,0,1,1,1,0,0,1,1,1,0
mia1977,1,1,1,0,1,1,0,1,1,0,1,1,0,1
mia1976,1,0,1,0,0,0,1,1,1,0,0,0,1,0
mia1975,0,1,1,1,1,1,1,1,0,0,1,1,0,1
mia1974,0,1,1,1,0,1,1,1,1,1,0,1,1,1,0
mia1973,1,0,1,1,1,1,1,1,1,1,1,1,0,1,1,1,1
mia1972,1,1,1,1,1,1,1,1,1,1,1,1,1,1,1,1,1
mia1971,0,1,0,1,1,1,1,1,1,1,1,0,0,1,1,1,0
mia1970,0,1,1,1,1,0,0,0,1,1,1,1,1,1,0
mia1969,0,0,0,0,0,0,1,0,1,0,0,0,1,0
mia1968,0,0,0,1,0,1,0,0,1,0,1,0,1,0
mia1967,1,0,0,0,0,0,0,0,0,1,0,1,1,0
mia1966,0,0,0,0,0,1,1,0,0,0,0,0,0,1
min2017,1,0,1,0,1,1,1,1,1,1,1,1,0,1,1,1,1,0
min2016,1,1,1,1,1,0,0,0,0,1,0,0,1,0,0,1
min2015,0,1,1,0,1,1,1,1,1,0,1,0,0,1,1,1,0
min2014,1,0,0,1,0,0,0,1,1,0,0,1,1,0,0,1
min2013,0,0,0,1,0,0,0,0,1,0,0,1,0,1,0,1
min2012,1,0,1,1,1,0,1,0,0,1,0,0,1,1,1,1,0
min2011,0,0,0,0,1,0,0,1,0,0,0,0,0,0,1,0
min2010,0,0,1,0,1,0,0,1,0,0,1,1,0,0,1,0
min2009,1,1,1,1,1,1,0,1,1,1,1,0,1,0,0,1,1,0
min2008,0,0,1,0,1,1,0,1,1,0,1,1,1,1,0,1,0
min2007,1,0,0,0,1,0,0,1,0,1,1,1,1,1,0,0
min2006,1,1,0,0,1,1,0,0,0,0,1,0,1,0,0,0
min2005,0,0,1,0,0,1,0,1,1,1,1,1,1,0,0,1
min2004,1,0,1,1,1,1,0,0,0,1,1,0,0,1,0,0,1,0
min2003,1,1,1,1,1,1,0,0,0,0,1,0,1,0,1,0
min2002,0,0,0,0,1,0,1,0,0,1,0,0,0,1,1,1
min2001,0,0,1,0,1,1,0,0,1,0,0,1,0,0,0,0
min2000,1,1,1,1,1,1,1,0,0,1,1,1,1,0,0,0,1,0
min1999,1,0,0,1,0,0,1,1,1,1,1,0,0,1,1,1,1,0
min1998,1,1,1,1,1,1,1,0,1,1,1,1,1,1,1,1,1,0
min1997,1,1,0,0,1,1,1,1,1,1,0,0,0,0,0,1,1,0
min1996,1,1,1,1,0,1,0,0,0,0,1,0,1,1,1,0,0
min1995,0,1,0,1,1,0,0,0,1,1,1,0,1,1,0,0
min1994,0,1,1,1,0,1,1,1,1,0,0,0,1,1,0,1,0
min1993,0,1,1,0,1,1,0,0,1,0,0,1,0,1,1,1,0
min1992,1,0,1,1,1,1,0,1,1,0,1,1,0,0,1,1,0
min1991,0,1,1,0,0,0,1,0,1,1,0,1,0,1,1,0
min1990,0,1,0,0,0,0,0,1,1,1,1,1,0,0,0,0
min1989,1,0,0,1,1,1,1,0,1,1,0,0,1,1,0,1,0
min1988,0,1,1,1,0,1,0,1,0,1,1,1,1,1,0,1,1,0
min1987,1,1,0,0,0,1,0,1,1,1,1,0,0,1,0,1,1,0
min1986,0,1,1,1,0,1,1,0,0,1,0,0,1,1,0,1
min1985,1,1,0,1,0,0,1,0,1,0,0,0,1,1,0,0
min1984,0,0,1,1,0,0,0,0,0,1,0,0,0,0,0,0
min1983,1,0,1,1,0,1,1,1,0,0,0,1,0,0,0,1
min1982,1,0,0,1,0,1,1,0,1,1,0
min1981,0,0,1,1,1,1,1,0,0,1,1,0,0,0,0,0
min1980,1,0,1,0,0,1,0,0,1,1,1,0,1,1,1,0,0
min1979,1,0,0,1,1,0,0,1,0,0,0,1,1,0,1,0
min1978,0,1,0,1,1,0,0,1,1,1,1,0,0,1,0,0,0
min1977,0,1,1,1,1,0,1,0,1,0,1,1,0,1,1,0
min1976,1,0,1,1,1,1,1,0,1,1,1,0,1,1,1,1,0
min1975,1,1,1,1,1,1,1,1,1,1,0,1,0,1,0
min1974,1,1,1,1,1,0,0,1,1,0,0,1,1,1,1,1,0
min1973,1,1,1,1,1,1,1,1,1,0,1,0,1,1,1,1,0
min1972,0,1,0,0,1,0,1,1,1,1,0,1,0,0
min1971,1,0,1,1,1,1,1,0,1,1,1,0,1,1,0
min1970,1,1,0,1,1,1,1,1,1,1,0,1,1,1,0
min1969,0,1,1,1,1,1,1,1,1,1,1,1,1,0,1,1,0
min1968,1,1,0,1,0,0,0,1,1,1,0,0,1,1,0
min1967,0,0,0,0,1,0,0,1,0,0,1,0,0,0
min1966,0,0,0,0,1,0,1,1,0,0,0,0,1,0
min1965,0,0,1,1,0,1,1,1,0,0,0,0,1,1
min1964,1,0,0,1,0,1,1,0,1,0,0,1,1,1
min1963,1,0,1,0,0,0,0,1,0,0,1,0,0,1
min1962,0,0,0,0,0,1,1,0,0,0,0,0,0,0
min1961,1,0,0,0,0,0,0,0,1,0,0,1,0,0
nwe2017,0,1,1,0,1,1,1,1,1,1,1,1,0,1,1,1,1,1,0
nwe2016,1,1,1,0,1,1,1,1,0,1,1,1,1,1,1,1,1,1,1
nwe2015,1,1,1,1,1,1,1,1,1,1,0,0,1,1,0,0,1,0
nwe2014,0,1,1,0,1,1,1,1,1,1,1,0,1,1,1,0,1,1,1
nwe2013,1,1,1,1,0,1,0,1,1,0,1,1,1,0,1,1,1,0
nwe2012,1,0,0,1,1,0,1,1,1,1,1,1,1,0,1,1,1,0
nwe2011,1,1,0,1,1,1,0,0,1,1,1,1,1,1,1,1,1,1,0
nwe2010,1,0,1,1,1,1,1,0,1,1,1,1,1,1,1,1,0
nwe2009,1,0,1,1,0,1,1,1,0,1,0,0,1,1,1,0,0
nwe2008,1,1,0,1,0,1,1,0,1,0,1,0,1,1,1,1
nwe2007,1,1,1,1,1,1,1,1,1,1,1,1,1,1,1,1,1,1,0
nwe2006,1,1,0,1,1,1,1,0,0,1,1,1,0,1,1,1,1,1,0
nwe2005,1,0,1,0,1,0,1,0,1,1,0,1,1,1,1,0,1,0
nwe2004,1,1,1,1,1,1,0,1,1,1,1,1,1,0,1,1,1,1,1
nwe2003,0,1,1,0,1,1,1,1,1,1,1,1,1,1,1,1,1,1,1
nwe2002,1,1,1,0,0,0,0,1,1,0,1,1,1,0,0,1
nwe2001,0,0,1,0,1,1,0,1,1,0,1,1,1,1,1,1,1,1,1
nwe2000,0,0,0,0,1,1,0,0,0,0,1,0,1,0,1,0
nwe1999,1,1,1,1,0,0,1,1,0,0,0,1,0,0,0,1
nwe1998,0,1,1,1,1,0,0,1,0,0,1,1,1,0,1,0,0
nwe1997,1,1,1,1,0,1,0,0,0,1,0,1,1,1,0,1,1,0
nwe1996,0,0,1,1,1,0,1,1,1,1,0,1,1,1,0,1,1,1,0
nwe1995,1,0,0,0,0,0,1,0,1,1,0,1,0,1,0,0
nwe1994,0,0,1,1,1,0,0,0,0,1,1,1,1,1,1,1,0
nwe1993,0,0,0,0,1,0,0,0,0,0,0,0,1,1,1,1
nwe1992,0,0,0,0,0,0,0,0,0,1,1,0,0,0,0,0
nwe1991,1,0,0,1,0,0,1,0,0,0,0,1,0,1,1,0
nwe1990,0,1,0,0,0,0,0,0,0,0,0,0,0,0,0,0
nwe1989,1,0,0,0,1,0,0,1,0,0,1,0,1,0,0,0
nwe1988,1,0,0,0,1,0,1,0,1,1,1,1,0,1,1,0
nwe1987,1,0,0,1,1,0,1,0,0,1,0,0,1,1,1
nwe1986,1,1,0,0,1,0,1,1,1,1,1,1,1,0,0,1,0
nwe1985,1,0,1,0,0,1,1,1,1,1,1,0,1,1,0,1,1,1,1,0
nwe1984,1,0,1,0,1,1,1,0,1,0,1,1,0,0,0,1
nwe1983,0,0,1,1,0,0,1,1,0,1,1,0,0,1,1,0
nwe1982,1,0,0,1,0,1,1,0,1,0
nwe1981,0,0,0,0,1,0,1,0,0,0,0,0,0,0,0,0
nwe1980,1,0,1,1,1,1,1,0,1,0,0,1,0,0,1,1
nwe1979,0,1,1,1,0,1,1,1,0,1,0,1,0,0,0,1
nwe1978,0,1,0,1,1,1,1,1,1,1,0,1,1,0,1,0,0
nwe1977,1,0,0,1,1,1,1,0,0,1,1,1,1,0
nwe1976,0,1,1,1,0,1,1,0,1,1,1,1,1,1,0
nwe1975,0,0,0,0,1,1,0,1,0,0,0,0,0,0
nwe1974,1,1,1,1,1,0,1,0,0,0,1,0,0,0
nwe1973,0,0,0,1,0,1,0,0,0,1,1,1,0,0
nwe1972,0,1,1,0,0,0,0,0,0,0,0,0,1,0
nwe1971,1,0,0,1,0,0,0,1,1,0,0,1,0,1
nwe1970,1,0,0,0,0,0,0,0,0,0,1,0,0,0
nwe1969,0,0,0,0,0,0,0,1,0,1,1,1,0,0
nwe1968,1,0,1,0,0,1,0,0,0,0,0,1,0,0
nwe1967,0,0,0,1,0,1,0,0,1,0,0,0,0,0
nwe1966,0,1,0,0,1,1,1,0,1,0,1,1,1,0
nwe1965,0,0,0,0,0,0,0,1,0,0,0,1,1,1
nwe1964,1,1,1,1,0,0,1,0,1,1,1,1,1,0
nwe1963,1,0,1,0,0,1,1,0,1,0,0,1,1,0,1,0
nwe1962,0,1,1,1,0,1,1,0,1,0,1,1,1,0
nwe1961,0,1,1,0,0,0,1,1,1,0,1,1,1,1
nwe1960,0,1,0,1,0,0,0,1,1,1,0,0,0,0
nor2017,0,0,1,1,1,1,1,1,1,1,0,1,0,1,1,0,1,0
nor2016,0,0,0,1,1,0,1,1,0,0,1,0,0,1,1,0
nor2015,0,0,0,1,0,1,1,1,0,0,0,0,1,0,1,1
nor2014,0,0,1,0,1,0,1,1,0,0,0,1,0,1,0,1
nor2013,1,1,1,1,1,0,1,0,1,1,1,0,1,0,0,1,1,0
nor2012,0,0,0,0,1,1,0,1,1,1,0,0,0,1,1,0
nor2011,0,1,1,1,1,0,1,0,1,1,1,1,1,1,1,1,1,0
nor2010,1,1,0,1,0,1,0,1,1,1,1,1,1,0,1,0,0
nor2009,1,1,1,1,1,1,1,1,1,1,1,1,1,0,0,0,1,1,1
nor2008,1,0,0,1,0,1,0,1,0,1,1,0,1,0,1,0
nor2007,0,0,0,0,1,1,1,1,0,0,1,0,1,1,0,0
nor2006,1,1,1,0,1,1,0,1,0,0,1,1,1,0,1,0,1,0
nor2005,1,0,0,1,0,0,0,0,0,0,1,0,0,0,0,0
nor2004,0,1,1,0,0,0,1,0,1,0,0,0,1,1,1,1
nor2003,0,1,0,0,0,1,1,0,1,1,0,1,0,1,0,1
nor2002,1,1,1,0,1,1,1,0,1,0,0,1,1,0,0,0
nor2001,1,0,1,1,0,1,0,0,1,0,1,1,0,0,0,0
nor2000,0,1,0,0,1,1,1,1,1,1,0,1,0,1,1,0,1,0
nor1999,1,0,0,0,0,0,0,0,1,0,0,0,0,0,1,0
nor1998,1,1,1,0,0,0,1,0,0,1,0,0,1,0,0,0
nor1997,0,0,0,1,0,1,0,0,0,1,1,0,1,0,1,0
nor1996,0,0,0,0,0,1,1,0,0,0,0,0,0,0,1,0
nor1995,0,0,0,0,0,1,0,1,1,1,0,1,1,0,0,1
nor1994,0,0,1,0,1,0,0,1,0,1,0,0,1,1,0,1
nor1993,1,1,1,1,1,0,0,1,0,0,1,0,0,0,0,1
nor1992,0,1,1,0,1,1,1,1,1,0,1,1,1,1,0,1,0
nor1991,1,1,1,1,1,1,1,0,1,1,0,0,0,0,1,1,0
nor1990,0,0,1,0,1,0,0,1,1,0,1,0,1,0,1,1,0
nor1989,1,0,0,0,0,1,1,1,0,1,1,0,0,1,1,1
nor1988,0,1,1,1,1,1,1,1,0,0,1,1,0,0,0,1
nor1987,1,0,1,0,1,0,1,1,1,1,1,1,1,1,1,0
nor1986,0,1,0,0,0,1,1,0,1,1,1,0,0,0,1,0
nor1985,0,0,1,1,1,0,0,0,0,0,0,1,1,0,0,0
nor1984,0,1,0,1,1,0,0,0,1,0,1,1,0,0,0,1
nor1983,1,0,1,0,1,1,0,1,0,1,0,0,1,0,1,0
nor1982,0,1,1,1,0,0,0,0,1
nor1981,0,1,0,0,0,0,0,1,0,1,0,1,0,0,0,0
nor1980,0,0,0,0,0,0,0,0,0,0,0,0,0,0,1,0
nor1979,0,0,0,1,1,0,1,1,1,0,1,0,1,0,0,1
nor1978,1,0,0,1,0,0,1,1,1,0,0,0,0,1,0,1
nor1977,0,0,1,0,0,0,1,0,0,1,0,0,0,0
nor1976,0,0,1,0,1,0,0,0,0,1,1,0,0,0
nor1975,0,0,0,1,0,0,1,0,0,0,0,0,0,0
nor1974,0,0,1,0,0,1,1,0,0,1,0,0,1,0
nor1973,0,0,0,1,1,0,1,1,0,0,0,0,1,0
nor1972,0,0,0,0,0,0,1,0,0,0,1,0,0,0
nor1971,1,0,0,0,1,0,0,0,1,0,1,0,0,0
nor1970,0,0,1,0,0,0,0,1,0,0,0,0,0,0
nor1969,0,0,0,0,0,0,1,0,1,1,1,0,0,1
nor1968,0,1,0,0,1,1,0,0,0,0,0,0,0,1
nor1967,0,0,0,0,0,0,0,1,0,0,1,0,0,1
nyg2017,0,0,0,0,0,1,0,0,0,1,0,0,0,0,0,1
nyg2016,1,1,0,0,0,1,1,1,1,1,1,0,1,1,0,1,0
nyg2015,0,0,1,1,1,0,1,0,1,0,0,0,1,0,0,0
nyg2014,0,0,1,1,1,0,0,0,0,0,0,0,1,1,1,0
nyg2013,0,0,0,0,0,0,1,1,1,1,0,1,0,0,1,1
nyg2012,0,1,1,0,1,1,1,1,0,0,1,0,1,0,0,1
nyg2011,0,1,1,1,0,1,1,1,0,0,0,0,1,0,1,1,1,1,1,1
nyg2010,1,0,0,1,1,1,1,1,0,0,1,1,1,0,0,1
nyg2009,1,1,1,1,1,0,0,0,0,1,0,1,0,1,0,0
nyg2008,1,1,1,1,0,1,1,1,1,1,1,1,0,0,1,0,0
nyg2007,0,0,1,1,1,1,1,1,0,1,0,1,1,0,1,0,1,1,1,1
nyg2006,0,1,0,1,1,1,1,1,0,0,0,0,1,0,0,1,0
nyg2005,1,1,0,1,0,1,1,1,0,1,0,1,1,1,0,1,0
nyg2004,0,1,1,1,1,0,1,0,0,0,0,0,0,0,0,1
nyg2003,1,0,1,0,0,0,1,1,0,0,0,0,0,0,0,0
nyg2002,0,1,1,0,1,0,0,1,1,1,0,0,1,1,1,1,0
nyg2001,0,1,1,1,0,0,0,1,1,0,0,0,1,1,0,0
nyg2000,1,1,1,0,0,1,1,1,1,0,0,1,1,1,1,1,1,1,0
nyg1999,1,0,0,1,0,1,1,1,0,0,0,1,1,0,0,0
nyg1998,1,0,0,1,0,0,1,0,0,0,1,0,1,1,1,1
nyg1997,1,0,0,0,1,1,1,1,1,0,1,0,0,1,1,1,0
nyg1996,0,0,0,1,1,0,0,1,1,0,0,1,0,1,0,0
nyg1995,0,0,0,1,0,1,0,1,0,0,0,0,1,1,0,0
nyg1994,1,1,1,0,0,0,0,0,0,0,1,1,1,1,1,1
nyg1993,1,1,1,0,1,1,0,0,1,1,1,1,1,1,0,0,1,0
nyg1992,0,0,1,0,1,0,1,1,1,0,0,0,0,0,1,0
nyg1991,1,0,0,1,0,1,1,0,0,1,1,1,0,0,0,1
nyg1990,1,1,1,1,1,1,1,1,1,1,0,0,1,0,1,1,1,1,1
nyg1989,1,1,1,1,0,1,1,1,1,0,1,0,0,1,1,1,0
nyg1988,1,0,1,0,1,0,1,1,1,1,0,0,1,1,1,0
nyg1987,0,0,0,0,0,1,0,1,1,0,0,1,0,1,1
nyg1986,0,1,1,1,1,1,0,1,1,1,1,1,1,1,1,1,1,1,1
nyg1985,1,0,1,1,0,0,1,1,1,1,0,1,0,1,0,1,1,0
nyg1984,1,1,0,1,0,0,1,0,1,1,0,1,1,1,0,0,1,0
nyg1983,0,1,0,1,0,0,0,0,0,0,0,1,0,0,0,0
nyg1982,0,0,0,1,1,1,0,0,1
nyg1981,0,1,1,0,0,1,1,1,0,0,0,1,0,1,1,1,1,0
nyg1980,1,0,0,0,0,0,0,0,0,1,1,0,0,1,0,0
nyg1979,0,0,0,0,0,1,1,1,1,0,1,0,1,0,0,0
nyg1978,1,0,1,1,0,0,1,1,0,0,0,0,0,0,1,0
nyg1977,1,0,0,0,1,1,0,0,1,0,0,1,0,0
nyg1976,0,0,0,0,0,0,0,0,0,1,0,1,1,0
nyg1975,1,0,0,0,1,0,1,0,0,0,0,0,1,1
nyg1974,0,0,1,0,0,0,0,1,0,0,0,0,0,0
nyg1973,1,0,0,0,0,0,0,0,0,1,0,0,0,0
nyg1972,0,0,1,1,1,1,0,1,0,1,1,0,0,1
nyg1971,1,0,1,0,0,0,0,1,1,0,0,0,0,0
nyg1970,0,0,0,1,1,1,1,1,1,0,1,1,1,0
nyg1969,1,0,1,1,0,0,0,0,0,0,0,1,1,1
nyg1968,1,1,1,1,0,0,1,0,1,1,0,0,0,0
nyg1967,1,0,0,1,1,0,1,0,0,1,1,0,0,1
nyg1966,0,0,0,0,0,1,0,0,0,0,0,0,0,0
nyg1965,0,1,1,0,1,0,1,0,0,1,0,1,1,0
nyg1964,0,0,1,0,0,0,0,1,0,0,0,0,0,0
nyg1963,1,0,1,1,0,1,1,1,1,1,0,1,1,1,0
nyg1962,0,1,1,1,0,1,1,1,1,1,1,1,1,1,0
nyg1961,0,1,1,1,1,1,0,1,1,1,1,0,1,0,0
nyg1960,1,1,1,0,0,1,1,0,0,0,1,0
nyg1959,1,0,1,1,1,1,1,0,1,1,1,1,0
nyg1958,1,0,1,0,1,1,1,0,1,1,1,1,1,0
nyg1957,0,1,1,1,0,1,1,1,1,0,0,0
nyg1956,1,0,1,1,1,1,1,0,0,1,0,1,1
nyg1955,0,0,0,1,0,1,0,1,1,0,1,1
nyg1954,1,0,1,1,1,0,1,1,0,0,1,0
nyg1953,0,0,0,1,0,1,0,0,0,1,0,0
nyg1952,1,1,1,0,0,1,1,0,1,0,0,1
nyg1951,0,1,1,1,0,1,1,0,1,1,1,1
nyg1950,1,1,1,0,1,0,1,1,1,1,1,1,0
nyg1949,0,1,1,0,1,1,0,1,0,1,0,0
nyg1948,1,0,0,0,1,0,0,0,1,1,0,0
nyg1947,0,0,0,0,0,0,0,0,0,1,1,0
nyg1946,1,1,0,1,1,0,1,0,1,0,1,0
nyg1945,1,0,0,0,0,0,1,0,1,0
nyg1944,1,1,1,0,1,0,1,1,1,1,0
nyg1943,0,1,1,0,0,0,1,1,1,1,0
nyg1942,1,0,1,0,0,0,1,0,0,1,1
nyg1941,1,1,1,1,1,0,0,1,1,1,0,0
nyg1940,0,0,1,1,1,0,1,0,1,1,0
nyg1939,1,0,1,1,1,1,0,1,1,1,1,0
nyg1938,1,0,0,1,1,1,1,1,1,0,1,1
nyg1937,0,1,1,1,1,0,1,0,1,0,0
nyg1936,0,0,1,0,1,1,1,0,0,0,1,0
nyg1935,1,0,1,1,1,0,0,1,1,1,1,1,0
nyg1934,0,0,1,1,1,1,1,0,1,0,1,1,0,1
nyg1933,1,0,1,0,1,1,0,1,1,1,1,1,1,1,0
nyg1932,0,0,0,1,0,0,0,1,1,0,1,0
nyg1931,1,0,0,0,1,1,1,1,0,0,0,0,1,1
nyg1930,1,1,0,1,1,1,1,1,1,1,1,0,1,0,0,1,1
nyg1929,0,1,1,1,1,1,1,1,1,0,1,1,1,1,1
nyg1928,1,1,0,0,1,0,1,0,0,0,0,0,0
nyg1927,1,0,1,0,1,1,1,1,1,1,1,1,1
nyg1926,1,1,0,0,0,1,0,1,1,0,1,1,1
nyg1925,0,0,0,1,1,1,1,1,1,1,0,1
nyj2017,0,0,1,1,1,0,0,0,1,0,0,1,0,0,0,0
nyj2016,0,1,0,0,0,0,1,1,0,0,0,0,1,0,0,1
nyj2015,1,1,0,1,1,0,0,1,0,0,1,1,1,1,1,0
nyj2014,1,0,0,0,0,0,0,0,0,1,0,0,0,1,0,1
nyj2013,1,0,1,0,1,0,1,0,1,0,0,0,1,0,1,1
nyj2012,1,0,1,0,0,1,0,0,0,1,0,1,1,0,0,0
nyj2011,1,1,0,0,0,1,1,1,0,0,1,1,1,0,0,0
nyj2010,0,1,1,1,1,1,0,1,1,1,1,0,0,1,0,1,1,1,0
nyj2009,1,1,1,0,0,0,1,0,0,0,1,1,1,0,1,1,1,1,0
nyj2008,1,0,0,1,1,0,1,1,1,1,1,0,0,1,0,0
nyj2007,0,0,1,0,0,0,0,0,0,1,0,1,0,0,0,1
nyj2006,1,0,1,0,0,1,1,0,1,0,1,1,0,1,1,1,0
nyj2005,0,1,0,0,1,0,0,0,0,0,0,0,1,0,0,1
nyj2004,1,1,1,1,1,0,1,0,0,1,1,1,0,1,0,0,1,0
nyj2003,0,0,0,0,1,1,0,0,1,0,1,1,0,1,0,0
nyj2002,1,0,0,0,0,1,0,1,1,1,1,0,1,0,1,1,1,0
nyj2001,0,1,0,1,1,0,1,1,1,1,0,0,1,1,0,1,0
nyj2000,1,1,1,1,0,1,1,0,0,0,1,1,1,0,0,0
nyj1999,0,0,0,1,0,0,0,1,1,1,0,0,1,1,1,1
nyj1998,0,0,1,1,0,1,1,1,1,0,1,1,1,1,1,1,1,0
nyj1997,1,0,0,1,1,1,0,1,1,0,1,1,0,0,1,0
nyj1996,0,0,0,0,0,0,0,0,1,0,0,0,0,0,0,0
nyj1995,0,0,1,0,0,0,0,1,0,0,0,1,0,0,0,0
nyj1994,1,1,0,0,0,1,1,0,1,0,1,0,0,0,0,0
nyj1993,0,1,1,0,0,0,1,1,1,1,1,0,1,0,0,0
nyj1992,0,0,0,0,1,0,0,1,0,1,0,0,1,0,0,0
nyj1991,1,0,0,0,1,1,0,1,1,0,1,1,0,0,0,1,0
nyj1990,0,1,0,1,0,0,0,1,1,0,0,0,0,0,1,1
nyj1989,0,0,1,0,0,0,0,0,1,0,0,1,1,0,0,0
nyj1988,0,1,1,1,0,0,0,1,1,0,0,0,1,0,1,1
nyj1987,1,1,0,0,1,0,0,1,1,0,1,0,0,0,0
nyj1986,1,0,1,1,1,1,1,1,1,1,1,0,0,0,0,0,1,0
nyj1985,0,1,1,1,1,1,0,1,1,0,1,1,0,1,0,1,0
nyj1984,1,0,1,1,0,1,1,1,0,0,0,0,0,0,1,0
nyj1983,1,0,0,1,1,0,0,0,1,0,0,1,1,1,0,0
nyj1982,0,1,1,1,1,1,0,1,0,1,1,0
nyj1981,0,0,0,1,0,1,1,0,1,1,1,1,1,0,1,1,0
nyj1980,0,0,0,0,0,1,0,1,0,0,0,1,0,0,0,1
nyj1979,0,0,1,0,1,0,1,1,0,1,0,0,0,1,1,1
nyj1978,1,1,0,0,0,1,1,1,0,1,0,0,1,1,0,0
nyj1977,0,0,1,1,0,0,0,0,0,0,0,1,0,0
nyj1976,0,0,0,0,1,0,0,1,0,1,0,0,0,0
nyj1975,0,1,1,0,0,0,0,0,0,0,0,1,0,0
nyj1974,0,1,0,0,0,0,0,0,1,1,1,1,1,1
nyj1973,0,1,0,0,1,0,0,0,1,0,0,1,0,0
nyj1972,1,1,0,0,1,1,1,0,1,0,0,1,0,0
nyj1971,0,0,1,0,1,0,0,1,0,1,0,0,1,1
nyj1970,0,1,0,0,0,0,0,0,1,1,1,0,0,0
nyj1969,1,0,0,1,1,1,1,1,1,0,1,0,1,1,0
nyj1968,1,1,0,1,0,1,1,1,1,0,1,1,1,1,1,1
nyj1967,0,1,1,1,0,1,1,0,1,1,0,0,0,1
nyj1966,1,1,1,0,1,0,0,0,0,1,0,0,0,1
nyj1965,0,0,0,0,0,0,1,1,1,1,0,0,0,1
nyj1964,1,0,0,1,1,0,1,0,0,0,1,0,0,0
nyj1963,0,1,1,1,0,0,0,0,0,1,1,0,0,0
nyj1962,1,0,1,0,0,0,0,1,1,0,1,0,0,0
nyj1961,1,0,1,1,0,0,1,0,1,0,1,1,0,0
nyj1960,1,0,1,1,0,1,0,0,0,0,1,1,1,0
rai2017,1,1,0,0,0,0,1,0,1,0,1,1,0,0,0,0
rai2016,1,0,1,1,1,0,1,1,1,1,1,1,0,1,1,0,0
rai2015,0,1,1,0,0,1,1,0,0,0,1,0,1,0,1,0
rai2014,0,0,0,0,0,0,0,0,0,0,1,0,1,0,1,0
rai2013,0,1,0,0,1,0,1,0,0,1,0,0,0,0,0,0
rai2012,0,0,1,0,0,1,1,0,0,0,0,0,0,1,0,0
rai2011,1,0,1,0,1,1,0,0,1,1,1,0,0,0,1,0
rai2010,0,1,0,0,1,0,1,1,1,0,0,1,0,1,0,1
rai2009,0,1,0,0,0,1,0,0,0,1,0,1,0,1,0,0
rai2008,0,1,0,0,0,1,0,0,0,0,1,0,0,0,1,1
rai2007,0,0,1,1,0,0,0,0,0,0,1,1,0,0,0,0
rai2006,0,0,0,0,0,1,1,0,0,0,0,0,0,0,0,0
rai2005,0,0,0,1,0,1,1,0,0,1,0,0,0,0,0,0
rai2004,0,1,1,0,0,0,0,0,1,0,1,0,0,1,0,0
rai2003,0,1,0,1,0,0,0,0,0,1,0,0,0,1,0,0
rai2002,1,1,1,1,0,0,0,0,1,1,1,1,1,0,1,1,1,1,0
rai2001,1,0,1,1,1,1,1,0,1,1,0,1,1,0,0,0,1,0
rai2000,1,1,0,1,1,1,1,1,1,0,1,1,0,1,0,1,1,0
rai1999,0,1,1,0,0,1,1,0,1,0,0,1,0,1,0,1
rai1998,0,1,0,1,1,1,1,1,0,1,0,0,0,0,1,0
rai1997,0,0,1,0,1,0,1,0,0,0,1,0,0,0,0,0
rai1996,0,0,1,0,0,1,1,1,0,0,0,1,1,1,0,0
rai1995,1,1,0,1,1,1,0,1,1,1,0,0,0,0,0,0
rai1994,0,0,1,0,1,0,1,1,0,1,1,0,1,1,1,0
rai1993,1,1,0,0,1,1,0,1,0,1,0,1,1,1,0,1,1,0
rai1992,0,0,0,0,1,1,1,0,0,1,1,0,1,0,0,1
rai1991,0,1,1,0,1,0,1,1,0,1,1,1,1,0,0,0,0
rai1990,1,1,1,1,0,1,1,0,0,1,0,1,1,1,1,1,1,0
rai1989,1,0,0,0,1,1,0,1,1,0,0,1,1,1,0,0
rai1988,1,0,0,1,0,0,1,0,1,1,1,0,0,1,0,0
rai1987,1,1,1,0,0,0,0,0,0,0,1,1,0,0,0
rai1986,0,0,0,1,1,1,1,1,0,1,1,1,0,0,0,0
rai1985,1,0,0,1,1,1,1,1,0,0,1,1,1,1,1,1,0
rai1984,1,1,1,1,0,1,1,1,0,0,0,1,1,1,1,0,0
rai1983,1,1,1,1,0,1,0,1,0,1,1,1,1,1,0,1,1,1,1
rai1982,1,1,1,0,1,1,1,1,1,1,0
rai1981,0,1,1,0,0,0,1,0,1,0,1,0,1,1,0,0
rai1980,1,0,1,0,0,1,1,1,1,1,1,0,1,0,1,1,1,1,1,1
rai1979,1,0,0,0,1,1,1,0,1,1,0,0,1,1,1,0
rai1978,0,1,1,0,1,1,1,0,0,1,1,1,0,0,0,1
rai1977,1,1,1,1,0,1,1,1,1,0,1,0,1,1,1,0
rai1976,1,1,1,0,1,1,1,1,1,1,1,1,1,1,1,1,1
rai1975,1,1,1,0,0,1,1,1,1,1,1,1,0,1,1,0
rai1974,0,1,1,1,1,1,1,1,1,1,0,1,1,1,1,0
rai1973,0,1,0,1,1,0,1,1,0,0,1,1,1,1,1,0
rai1972,0,1,0,1,1,0,1,0,1,1,1,1,1,1,0
rai1971,0,1,1,1,1,1,0,0,1,1,0,0,0,1
rai1970,0,0,0,1,1,1,0,1,1,1,0,1,1,0,1,0
rai1969,1,1,1,0,1,1,1,0,1,1,1,1,1,1,1,0
rai1968,1,1,1,1,0,0,1,1,1,1,1,1,1,1,1,0
rai1967,1,1,1,0,1,1,1,1,1,1,1,1,1,1,1,0
rai1966,1,0,0,0,1,1,1,0,1,1,1,0,0,1
rai1965,1,0,1,0,1,0,1,0,1,0,1,1,1,0
rai1964,0,0,0,0,0,0,1,0,0,1,1,0,1,1
rai1963,1,1,0,0,0,0,1,1,1,1,1,1,1,1
rai1962,0,0,0,0,0,0,0,0,0,0,0,0,0,1
rai1961,0,0,0,1,0,0,0,1,0,0,0,0,0,0
rai1960,0,0,1,0,1,1,0,1,0,1,0,0,0,1
phi2017,1,0,1,1,1,1,1,1,1,1,1,0,1,1,1,0,1,1,1
phi2016,1,1,1,0,0,1,0,0,1,0,0,0,0,0,1,1
phi2015,0,0,1,0,1,1,0,1,0,0,0,1,1,0,0,1
phi2014,1,1,1,0,1,1,0,1,1,0,1,1,0,0,0,1
phi2013,1,0,0,0,1,1,0,0,1,1,1,1,1,0,1,1,0
phi2012,1,1,0,1,0,0,0,0,0,0,0,0,1,0,0,0
phi2011,1,0,0,0,0,1,1,0,0,1,0,0,1,1,1,1
phi2010,0,1,1,0,1,1,0,1,1,1,0,1,1,1,0,0,0
phi2009,1,0,1,1,0,1,1,0,0,1,1,1,1,1,1,0,0
phi2008,1,0,1,0,0,1,1,1,0,0,0,1,1,1,0,1,1,1,0
phi2007,0,0,1,0,1,0,1,0,1,1,0,0,0,1,1,1
phi2006,1,0,1,1,1,0,0,0,1,0,0,1,1,1,1,1,1,0
phi2005,0,1,1,1,0,1,0,0,0,0,1,0,0,1,0,0
phi2004,1,1,1,1,1,1,1,0,1,1,1,1,1,1,0,0,1,1,0
phi2003,0,0,1,1,0,1,1,1,1,1,1,1,1,1,0,1,1,0
phi2002,0,1,1,1,0,1,1,1,0,1,1,1,1,1,1,0,1,0
phi2001,0,1,1,0,1,0,1,1,1,0,1,1,1,0,1,1,1,1,0
phi2000,1,0,0,1,1,0,1,1,0,1,1,1,1,0,1,1,1,0
phi1999,0,0,0,0,1,1,0,0,0,1,0,0,0,0,1,1
phi1998,0,0,0,0,0,1,0,0,1,0,0,0,1,0,0,0
phi1997,0,1,0,0,1,0,1,1,0,0,0,1,1,0,0,0
phi1996,1,0,1,1,0,1,1,1,1,0,0,0,1,0,1,1,0
phi1995,0,1,0,0,1,1,1,1,0,1,1,1,0,1,1,0,1,0
phi1994,0,1,1,1,1,0,1,1,1,0,0,0,0,0,0,0
phi1993,1,1,1,1,0,0,0,0,0,0,1,0,0,1,1,1
phi1992,1,1,1,1,0,0,1,0,1,0,1,0,1,1,1,1,1,0
phi1991,1,0,1,1,0,0,0,0,1,1,1,1,1,1,0,1
phi1990,0,0,1,0,1,0,1,1,1,1,1,0,0,1,1,1,0
phi1989,1,1,0,0,1,1,1,1,0,0,1,1,1,1,0,1,0
phi1988,1,0,0,0,1,1,0,1,0,1,1,1,1,0,1,1,0
phi1987,0,1,0,0,0,1,1,1,0,0,1,0,0,1,1
phi1986,0,0,0,1,1,0,0,1,0,0,0,0,1,0,1,0
phi1985,0,0,1,0,0,1,1,1,0,1,1,0,0,0,0,1
phi1984,0,1,0,0,0,1,1,1,0,0,0,1,0,0,1,0
phi1983,1,0,1,0,1,1,0,0,0,0,0,0,0,1,0,0
phi1982,0,1,0,0,0,0,1,1,0
phi1981,1,1,1,1,1,1,0,1,0,1,1,0,0,0,0,1,0
phi1980,1,1,1,0,1,1,1,1,1,1,1,1,0,0,1,0,1,1,0
phi1979,1,0,1,1,1,1,1,0,0,0,1,1,1,1,0,1,1,0
phi1978,0,0,1,1,1,0,1,0,0,1,1,1,1,0,0,1,0
phi1977,1,0,0,1,0,0,0,1,0,0,0,0,1,1
phi1976,0,1,0,1,0,0,0,1,0,0,0,0,0,1
phi1975,0,0,1,0,0,0,0,0,1,0,1,0,0,1
phi1974,0,1,1,1,1,0,0,0,0,0,0,1,1,1
phi1973,0,0,0,0,1,0,1,1,0,0,1,0,1,0
phi1972,0,0,0,0,0,1,0,0,1,0,0,0,0,0
phi1971,0,0,0,0,0,1,1,0,0,1,0,1,1,1
phi1970,0,0,0,0,0,0,0,1,0,1,0,0,0,1
phi1969,0,1,0,0,0,1,1,0,0,1,0,0,0,0
phi1968,0,0,0,0,0,0,0,0,0,0,0,1,1,0
phi1967,1,0,1,1,0,0,1,0,0,1,0,0,0,1
phi1966,0,1,1,0,0,1,1,0,1,0,1,1,1,1
phi1965,1,0,0,1,0,0,0,0,1,0,1,0,1,0
phi1964,1,0,0,1,0,1,1,0,0,1,0,0,1,0
phi1963,0,0,0,1,1,0,0,0,0,0,0,0,0,0
phi1962,0,0,1,0,0,0,0,0,0,0,1,1,0,0
phi1961,1,1,0,1,1,1,1,1,0,0,1,1,0,1
phi1960,0,1,1,1,1,1,1,1,1,1,0,1,1
phi1959,0,1,1,0,1,1,0,1,1,0,1,0
phi1958,0,1,0,0,0,0,0,1,0,0,0,0
phi1957,0,0,0,1,0,1,0,0,1,1,0,0
phi1956,0,1,1,0,0,0,1,0,0,0,0,0
phi1955,1,0,0,0,0,1,0,1,0,0,1,0
phi1954,1,1,1,1,0,0,1,0,0,1,0,1
phi1953,0,0,0,1,1,1,1,1,1,0,0,1
phi1952,1,0,1,0,1,0,1,1,1,0,1,0
phi1951,1,1,0,0,0,1,0,0,0,1,0,0
phi1950,0,1,1,1,1,1,0,1,0,0,0,0
phi1949,1,1,1,0,1,1,1,1,1,1,1,1,1
phi1948,0,0,1,1,1,1,1,1,1,1,0,1,1
phi1947,1,1,0,0,1,1,1,1,0,1,0,1,1,0
phi1946,1,1,0,0,1,1,0,0,0,1,1
phi1945,1,0,0,1,1,1,1,1,0,1
phi1944,1,0,1,1,1,0,1,0,1,1
phi1943,1,1,0,0,1,0,0,1,1,0
phi1942,1,0,0,0,0,0,0,0,0,1,0
phi1941,0,1,0,0,0,1,0,0,0,0,0
phi1940,0,0,0,0,0,0,0,0,0,1,0
phi1939,0,0,0,0,0,0,0,0,1,0,0
phi1938,0,1,1,0,0,0,1,0,0,1,1
phi1937,0,0,0,0,0,1,0,0,0,1,0
phi1936,1,0,0,0,0,0,0,0,0,0,0,0
phi1935,0,0,1,0,0,1,0,0,0,0,0
phi1934,0,1,0,0,0,0,1,0,0,1,1
phi1933,0,0,0,1,0,1,1,0,0
pit2017,1,1,0,1,0,1,1,1,1,1,1,1,1,0,1,1,0
pit2016,1,1,0,1,1,0,0,0,0,1,1,1,1,1,1,1,1,1,0
pit2015,0,1,1,0,1,1,0,0,1,1,0,1,1,1,0,1,1,0
pit2014,1,0,1,0,1,0,1,1,1,0,1,0,1,1,1,1,0
pit2013,0,0,0,0,1,1,0,0,1,1,1,0,0,1,1,1
pit2012,0,1,0,1,0,1,1,1,1,0,0,1,0,0,0,1
pit2011,0,1,1,0,1,1,1,1,0,1,1,1,1,0,1,1,0
pit2010,1,1,1,0,1,1,0,1,0,1,1,1,1,0,1,1,1,1,0
pit2009,1,0,0,1,1,1,1,1,0,0,0,0,0,1,1,1
pit2008,1,1,0,1,1,1,0,1,0,1,1,1,1,1,0,1,1,1,1
pit2007,1,1,1,0,1,0,1,1,1,0,1,1,0,0,1,0,0
pit2006,1,0,0,0,1,0,0,0,1,1,0,1,1,1,0,1
pit2005,1,1,0,1,0,1,1,1,1,0,0,0,1,1,1,1,1,1,1,1
pit2004,1,0,1,1,1,1,1,1,1,1,1,1,1,1,1,1,1,0
pit2003,1,0,1,0,0,0,0,0,1,0,1,0,1,0,1,0
pit2002,0,0,1,0,1,1,1,1,0,0,1,1,0,1,1,1,1,0
pit2001,0,1,1,1,1,1,0,1,1,1,1,1,1,1,0,1,1,0
pit2000,0,0,0,1,1,1,1,1,0,0,0,1,1,0,1,1
pit1999,1,1,0,0,0,1,1,1,0,0,0,0,0,0,1,0
pit1998,1,1,0,1,0,1,1,0,1,0,1,0,0,0,0,0
pit1997,0,1,0,1,1,1,1,1,0,1,1,0,1,1,1,0,1,0
pit1996,0,1,1,1,1,1,0,1,1,0,1,1,0,1,0,0,1,0
pit1995,1,1,0,0,1,0,0,1,1,1,1,1,1,1,1,0,1,1,0
pit1994,0,1,1,0,1,1,1,0,1,1,1,1,1,1,1,0,1,0
pit1993,0,0,1,1,1,1,0,1,1,0,0,1,1,0,0,1,0
pit1992,1,1,1,0,0,1,1,1,0,1,1,1,1,0,0,1,0
pit1991,1,0,1,0,1,0,0,0,0,1,0,1,0,0,1,1
pit1990,0,1,0,0,1,1,0,1,1,0,1,0,1,1,1,0
pit1989,0,0,1,1,0,1,0,1,0,0,1,1,0,1,1,1,1,0
pit1988,1,0,0,0,0,0,0,1,0,0,0,0,1,1,0,1
pit1987,1,0,1,0,1,1,0,1,0,1,0,1,1,0,0
pit1986,0,0,0,1,0,0,0,1,1,0,1,0,0,1,1,0
pit1985,1,0,1,0,0,0,1,0,1,1,1,0,0,0,1,0
pit1984,0,1,1,0,1,0,1,0,1,1,0,0,1,0,1,1,1,0
pit1983,0,1,1,0,1,1,1,1,1,1,1,0,0,0,1,0,0
pit1982,1,1,1,0,1,0,0,1,1,0
pit1981,0,0,1,1,1,1,0,1,0,0,1,1,1,0,0,0
pit1980,1,1,0,1,1,0,0,0,1,1,1,0,1,0,1,0
pit1979,1,1,1,1,0,1,0,1,1,1,1,0,1,1,0,1,1,1,1
pit1978,1,1,1,1,1,1,1,0,1,1,0,1,1,1,1,1,1,1,1
pit1977,1,0,1,0,1,1,0,0,1,1,1,1,0,1,0
pit1976,0,1,0,0,0,1,1,1,1,1,1,1,1,1,1,0
pit1975,1,0,1,1,1,1,1,1,1,1,1,1,1,0,1,1,1
pit1974,1,0,0,1,1,1,1,1,0,1,1,0,1,1,1,1,1
pit1973,1,1,1,1,0,1,1,1,1,0,0,0,1,1,0
pit1972,1,0,1,0,1,1,1,1,1,0,1,1,1,1,1,0
pit1971,0,1,1,0,0,1,0,1,0,1,0,0,1,0
pit1970,0,0,0,1,1,0,1,1,0,0,1,0,0,0
pit1969,1,0,0,0,0,0,0,0,0,0,0,0,0,0
pit1968,0,0,0,0,0,0,1,1,0,0,0,0,0,0
pit1967,1,0,0,0,0,0,1,0,0,0,0,1,0,1
pit1966,0,1,0,0,0,0,0,1,1,0,0,0,1,1
pit1965,0,0,0,0,0,1,1,0,0,0,0,0,0,0
pit1964,0,1,1,0,1,0,0,0,0,0,1,0,1,0
pit1963,0,1,1,0,0,1,1,0,1,1,0,0,1,0
pit1962,0,1,0,1,1,0,0,1,1,1,0,1,1,1
pit1961,0,0,0,0,1,0,1,1,1,0,1,0,1,0
pit1960,1,0,0,1,0,0,0,0,1,1,1,0
pit1959,1,0,0,1,0,0,0,1,1,1,0,1
pit1958,0,0,1,0,0,1,1,1,1,1,0,1
pit1957,1,0,1,0,1,1,0,0,0,1,0,1
pit1956,1,0,0,0,1,0,0,1,0,1,0,1
pit1955,1,0,1,1,1,0,0,0,0,0,0,0
pit1954,1,1,0,1,1,0,0,0,0,1,0,0
pit1953,0,1,1,0,1,0,0,1,0,0,1,1
pit1952,0,0,0,0,1,1,0,0,1,1,1,0
pit1951,0,0,0,0,1,0,1,0,1,0,0,1
pit1950,0,0,1,0,1,0,0,1,1,1,0,1
pit1949,1,0,1,1,1,0,0,0,1,0,0,1
pit1948,0,1,1,0,0,0,1,0,0,0,1,0
pit1947,1,0,0,1,1,1,1,1,1,0,0,1,0
pit1946,1,0,0,1,0,1,1,0,1,0,0
pit1945,0,0,0,1,0,0,1,0,0,0
pit1944
pit1943
pit1942,0,0,1,1,1,0,1,1,1,1,0
pit1941,0,0,0,0,0,0,0,0,1,0,0
pit1940,0,0,1,0,0,0,0,0,0,1,0
pit1939,0,0,0,0,0,0,0,0,0,0,1
pit1938,0,0,0,1,1,0,0,0,0,0,0
pit1937,1,1,0,0,0,0,0,1,0,1,0
pit1936,1,1,1,0,1,0,0,1,1,0,0,0
pit1935,1,0,0,0,0,1,1,0,1,0,0,0
pit1934,1,0,0,0,1,0,0,0,0,0,0,0
pit1933,0,1,0,1,0,0,1,0,0,0,0
sfo2017,0,0,0,0,0,0,0,0,0,1,0,1,1,1,1,1
sfo2016,1,0,0,0,0,0,0,0,0,0,0,0,0,0,1,0
sfo2015,1,0,0,0,0,1,0,0,1,0,0,1,0,0,0,1
sfo2014,1,0,0,1,1,1,0,0,1,1,1,0,0,0,0,1
sfo2013,1,0,0,1,1,1,1,1,0,0,1,1,1,1,1,1,1,1,0
sfo2012,1,1,0,1,1,0,1,1,0,1,1,0,1,1,0,1,1,1,0
sfo2011,1,0,1,1,1,1,1,1,1,1,0,1,0,1,1,1,1,0
sfo2010,0,0,0,0,0,1,0,1,1,0,1,0,1,0,0,1
sfo2009,1,1,0,1,0,0,0,0,1,0,1,0,1,0,1,1
sfo2008,0,1,1,0,0,0,0,0,0,1,0,1,1,0,1,1
sfo2007,1,1,0,0,0,0,0,0,0,0,1,0,0,1,1,0
sfo2006,0,1,0,0,1,0,0,1,1,1,0,0,0,1,0,1
sfo2005,1,0,0,0,0,0,1,0,0,0,0,0,0,0,1,1
sfo2004,0,0,0,0,1,0,0,0,0,0,0,0,1,0,0,0
sfo2003,1,0,0,0,1,0,1,0,1,1,0,0,1,0,1,0
sfo2002,1,0,1,1,1,0,1,1,1,0,0,1,1,0,1,0,1,0
sfo2001,1,0,1,1,1,0,1,1,1,1,1,0,1,1,0,1,0
sfo2000,0,0,0,1,1,0,0,0,0,0,1,1,1,0,1,0
sfo1999,0,1,1,1,0,0,0,0,0,0,0,0,1,0,0,0
sfo1998,1,1,1,0,1,1,1,0,1,0,1,1,1,1,0,1,1,0
sfo1997,0,1,1,1,1,1,1,1,1,1,1,1,0,1,1,0,1,0
sfo1996,1,1,0,1,1,0,1,1,1,0,1,1,1,0,1,1,1,0
sfo1995,1,1,1,0,1,0,1,0,0,1,1,1,1,1,1,0,0
sfo1994,1,0,1,1,0,1,1,1,1,1,1,1,1,1,1,0,1,1,1
sfo1993,1,0,1,0,1,0,1,1,1,1,1,1,0,1,0,0,1,0
sfo1992,1,0,1,1,1,1,1,0,1,1,1,1,1,1,1,1,1,0
sfo1991,0,1,0,1,0,0,1,1,0,0,1,1,1,1,1,1
sfo1990,1,1,1,1,1,1,1,1,1,1,0,1,1,1,0,1,1,0
sfo1989,1,1,1,0,1,1,1,1,1,1,0,1,1,1,1,1,1,1,1
sfo1988,1,1,0,1,1,0,1,0,1,0,0,1,1,1,1,0,1,1,1
sfo1987,0,1,1,1,1,1,1,1,0,1,1,1,1,1,1,0
sfo1986,1,0,1,1,1,0,0,1,0,1,0,1,0,1,1,1,0
sfo1985,0,1,1,0,1,0,0,1,1,0,1,1,1,0,1,1,0
sfo1984,1,1,1,1,1,1,0,1,1,1,1,1,1,1,1,1,1,1,1
sfo1983,0,1,1,1,1,0,1,1,0,0,1,0,0,1,1,1,1,0
sfo1982,0,0,1,0,1,0,0,1,0
sfo1981,0,1,0,1,1,1,1,1,1,1,0,1,1,1,1,1,1,1,1
sfo1980,1,1,1,0,0,0,0,0,0,0,0,1,1,1,0,0
sfo1979,0,0,0,0,0,0,0,1,0,0,0,0,0,0,1,0
sfo1978,0,0,0,0,1,0,0,0,0,0,0,0,0,0,1,0
sfo1977,0,0,0,0,0,1,1,1,1,0,1,0,0,0
sfo1976,1,0,1,1,1,1,1,0,0,0,0,1,0,1
sfo1975,0,0,1,0,1,0,0,1,1,1,0,0,0,0
sfo1974,1,1,0,0,0,0,0,0,0,1,1,0,1,1
sfo1973,0,1,0,1,0,1,0,0,0,0,1,1,0,0
sfo1972,1,0,1,0,0,0,1,0,1,1,1,0,1,1,0
sfo1971,0,1,1,0,1,1,1,1,0,0,1,0,1,1,1,0
sfo1970,1,1,0,1,0,1,1,1,1,0,0,1,1,1,1,0
sfo1969,0,0,0,0,0,1,0,0,1,0,0,1,0,1
sfo1968,0,1,1,0,0,1,1,0,0,0,1,1,0,1
sfo1967,1,1,0,1,1,1,0,0,0,0,0,0,1,1
sfo1966,0,0,0,1,1,1,0,1,0,0,1,0,1,0
sfo1965,1,1,0,0,1,0,0,0,1,1,1,1,0,0
sfo1964,0,1,0,1,0,0,0,0,0,1,0,0,1,0
sfo1963,0,0,0,0,0,1,0,0,1,0,0,0,0,0
sfo1962,0,0,1,1,1,0,0,0,0,1,1,1,0,0
sfo1961,1,0,1,1,1,0,0,0,0,1,1,0,1,0
sfo1960,0,1,1,0,0,1,0,1,1,1,0,1
sfo1959,1,1,0,1,1,1,1,0,0,1,0,0
sfo1958,1,0,0,1,0,1,0,0,1,0,1,1
sfo1957,0,1,1,1,1,1,0,0,0,1,1,1,0
sfo1956,0,1,0,0,0,0,0,1,0,1,1,1
sfo1955,0,0,1,1,0,1,0,0,0,0,0,1
sfo1954,1,0,1,1,1,0,0,0,1,0,1,1
sfo1953,1,1,0,1,0,1,1,0,1,1,1,1
sfo1952,1,1,1,1,1,0,0,1,0,0,0,1
sfo1951,1,0,1,0,1,0,1,0,0,1,1,1
sfo1950,0,0,0,0,0,1,1,0,0,0,0,1
sfo1949,1,1,1,0,1,1,1,0,0,1,1,1,1,0
sfo1948,1,1,1,1,1,1,1,1,1,1,0,1,0,1
sfo1947,1,1,1,0,1,0,1,0,1,0,0,1,1,0
sfo1946,0,1,1,0,1,1,0,1,1,0,0,1,1,1
sea2017,0,1,0,1,1,1,1,0,1,0,1,1,0,0,1,0
sea2016,1,0,1,1,1,0,0,1,1,1,0,1,0,1,0,1,1,0
sea2015,0,0,1,1,0,0,1,1,0,1,1,1,1,1,0,1,1,0
sea2014,1,0,1,1,0,0,1,1,1,0,1,1,1,1,1,1,1,1,0
sea2013,1,1,1,1,0,1,1,1,1,1,1,1,0,1,0,1,1,1,1
sea2012,0,1,1,0,1,1,0,0,1,1,0,1,1,1,1,1,1,0
sea2011,0,0,1,0,1,0,0,0,1,1,0,1,1,1,0,0
sea2010,1,0,1,0,1,1,0,0,1,0,0,1,0,0,0,1,1,0
sea2009,1,0,0,0,1,0,0,1,0,0,1,1,0,0,0,0
sea2008,0,0,1,0,0,0,1,0,0,0,0,0,0,1,1,0
sea2007,1,0,1,1,0,0,1,0,1,1,1,1,1,0,1,0,1,0
sea2006,1,1,1,0,1,0,0,1,1,0,1,1,0,0,0,1,1,0
sea2005,0,1,1,0,1,1,1,1,1,1,1,1,1,1,1,0,1,1,0
sea2004,1,1,1,0,0,0,1,1,0,1,0,0,1,0,1,1,0
sea2003,1,1,1,0,1,1,0,1,0,1,0,1,0,0,1,1,0
sea2002,0,0,0,1,0,0,1,0,1,0,1,0,0,1,1,1
sea2001,1,0,0,1,1,0,0,1,1,0,1,0,1,0,1,1
sea2000,0,0,1,1,0,0,0,0,0,1,1,0,1,0,1,0
sea1999,0,1,1,1,0,1,1,1,1,1,0,0,0,0,1,0,0
sea1998,1,1,1,0,0,0,1,0,1,0,0,1,0,1,1,0
sea1997,0,0,1,1,0,1,1,1,0,1,0,0,0,0,1,1
sea1996,0,0,0,1,0,1,0,1,1,1,0,0,0,1,0,1
sea1995,0,0,1,1,0,0,0,0,1,1,1,0,1,1,1,0
sea1994,1,1,0,1,0,0,0,0,0,0,1,1,0,1,0,0
sea1993,0,0,1,1,1,0,1,0,0,1,0,0,0,0,1,0
sea1992,0,0,1,0,0,0,0,0,0,0,0,1,0,0,0,0
sea1991,0,1,0,0,1,1,0,1,1,0,0,1,0,0,0,1
sea1990,0,0,0,1,1,0,1,0,1,0,1,1,1,0,1,1
sea1989,0,0,1,1,0,1,0,1,0,0,0,0,1,1,1,0
sea1988,1,1,0,0,1,1,0,0,1,0,1,0,1,0,1,1,0
sea1987,0,1,1,0,1,1,1,0,1,1,0,0,1,1,0,0
sea1986,1,1,1,0,1,0,1,0,0,0,0,1,1,1,1,1
sea1985,1,1,0,0,1,1,0,0,1,1,0,0,1,1,0,0
sea1984,1,1,0,1,1,0,1,1,1,1,1,1,1,1,0,0,1,0
sea1983,0,1,1,0,1,0,1,0,1,1,0,0,1,0,1,1,1,1,0
sea1982,0,0,1,1,0,1,0,0,1
sea1981,0,1,0,0,0,0,0,1,0,1,1,0,0,1,0,1
sea1980,0,1,0,1,1,0,1,0,0,0,0,0,0,0,0,0
sea1979,0,0,1,0,0,1,0,1,1,0,1,1,1,0,1,1
sea1978,0,0,1,1,0,1,0,1,0,1,0,1,1,1,0,1
sea1977,0,0,0,0,1,0,1,0,1,0,0,0,1,1
sea1976,0,0,0,0,0,1,0,0,1,0,0,0,0,0
tam2017,1,0,1,0,0,0,0,0,1,1,0,0,0,0,0,1
tam2016,1,0,0,0,1,1,0,0,1,1,1,1,1,0,0,1
tam2015,0,1,0,0,1,0,1,0,1,1,0,1,0,0,0,0
tam2014,0,0,0,1,0,0,0,0,0,1,0,0,0,0,0,0
tam2013,0,0,0,0,0,0,0,0,1,1,1,0,1,0,0,0
tam2012,1,0,0,0,1,0,1,1,1,1,0,0,0,0,0,1
tam2011,0,1,1,1,0,1,0,0,0,0,0,0,0,0,0,0
tam2010,1,1,0,1,0,1,1,0,1,1,0,0,1,0,1,1
tam2009,0,0,0,0,0,0,0,1,0,0,0,0,0,1,1,0
tam2008,0,1,1,1,0,1,1,0,1,1,1,1,0,0,0,0
tam2007,0,1,1,1,0,1,0,0,1,1,1,1,0,1,0,0,0
tam2006,0,0,0,0,1,1,0,0,0,1,0,0,0,0,1,0
tam2005,1,1,1,1,0,1,0,0,1,1,0,1,1,0,1,1,0
tam2004,0,0,0,0,1,0,1,1,0,1,0,1,0,0,0,0
tam2003,1,0,1,0,1,0,1,0,0,0,1,0,1,1,0,0
tam2002,0,1,1,1,1,1,0,1,1,1,1,0,1,1,0,1,1,1,1
tam2001,1,0,1,0,0,1,0,1,0,1,1,1,0,1,1,0,0
tam2000,1,1,1,0,0,0,0,1,1,1,0,1,1,1,1,0,0
tam1999,0,1,1,0,0,1,0,1,1,1,1,1,1,0,1,1,1,0
tam1998,0,0,1,0,1,1,0,1,0,0,0,1,1,1,0,1
tam1997,1,1,1,1,1,0,0,0,1,1,1,0,1,0,0,1,1,0
tam1996,0,0,0,0,0,1,0,0,0,1,1,1,0,1,0,1
tam1995,1,0,0,1,1,1,1,0,0,0,1,0,0,1,0,0
tam1994,0,1,0,0,1,0,0,0,0,0,0,1,1,1,1,0
tam1993,0,0,0,1,0,0,1,0,0,1,0,0,1,0,1,0
tam1992,1,1,0,1,0,0,0,0,0,1,0,0,0,0,0,1
tam1991,0,0,0,0,0,1,0,0,0,1,0,0,0,0,0,1
tam1990,1,0,1,1,0,1,0,0,0,0,0,0,1,1,0,0
tam1989,1,0,1,0,1,0,0,0,0,0,1,1,0,0,0,0
tam1988,0,1,0,0,1,0,0,0,0,0,1,0,0,1,0,1
tam1987,1,0,1,0,1,0,1,0,0,0,0,0,0,0,0
tam1986,0,0,1,0,0,0,0,0,1,0,0,0,0,0,0,0
tam1985,0,0,0,0,0,0,0,0,0,1,0,1,0,0,0,0
tam1984,0,0,1,0,1,1,0,0,0,0,1,0,0,0,1,1
tam1983,0,0,0,0,0,0,0,0,0,1,0,0,1,0,0,0
tam1982,0,0,0,1,1,0,1,1,1,0
tam1981,1,0,0,1,1,1,0,0,1,0,0,1,1,1,0,1,0
tam1980,1,1,0,0,0,0,0,1,1,0,0,0,1,0,0,0
tam1979,1,1,1,1,1,0,0,1,1,0,1,1,0,0,0,1,1,0
tam1978,0,0,1,1,0,1,0,1,0,0,0,1,0,0,0,0
tam1977,0,0,0,0,0,0,0,0,0,0,0,0,1,1
tam1976,0,0,0,0,0,0,0,0,0,0,0,0,0,0
oti2017,0,1,1,0,0,1,1,1,1,0,1,1,0,0,0,1,1,0
oti2016,0,1,0,0,1,1,0,1,0,1,0,1,1,1,0,1
oti2015,1,0,0,0,0,0,0,1,0,0,0,1,0,0,0,0
oti2014,1,0,0,0,0,1,0,0,0,0,0,0,0,0,0,0
oti2013,1,0,1,1,0,0,0,1,0,0,1,0,0,0,1,1
oti2012,0,0,1,0,0,1,1,0,0,1,0,0,0,1,0,1
oti2011,0,1,1,1,0,0,1,0,1,0,1,1,0,0,1,1
oti2010,1,0,1,0,1,1,1,0,0,0,0,0,0,1,0,0
oti2009,0,0,0,0,0,0,1,1,1,1,1,0,1,1,0,1
oti2008,1,1,1,1,1,1,1,1,1,1,0,1,1,0,1,0,0
oti2007,1,0,1,1,0,1,1,1,0,0,0,1,0,1,1,1,0
oti2006,0,0,0,0,0,1,1,0,0,1,1,1,1,1,1,0
oti2005,0,1,0,0,1,0,0,0,0,0,1,0,1,0,0,0
oti2004,1,0,0,0,1,0,0,1,0,1,0,0,0,0,0,1
oti2003,1,0,1,1,0,1,1,1,1,1,1,0,0,1,1,1,1,0
oti2002,1,0,0,0,0,1,1,1,1,1,0,1,1,1,1,1,1,0
oti2001,0,0,0,1,1,0,1,0,1,0,1,0,1,1,0,0
oti2000,0,1,1,1,1,1,1,1,1,0,1,0,1,1,1,1,0
oti1999,1,1,1,0,1,1,1,0,1,1,1,0,1,1,1,1,1,1,1,0
oti1998,1,0,0,0,1,1,0,1,1,1,0,0,1,1,0,0
oti1997,1,0,0,0,0,1,1,1,0,1,0,1,1,0,0,1
oti1996,0,1,1,0,1,1,1,0,0,1,0,0,1,0,0,1
oti1995,1,0,0,1,0,0,0,1,1,0,0,1,0,0,1,1
oti1994,0,0,0,1,0,0,0,0,0,0,0,0,0,0,0,1
oti1993,0,1,0,0,0,1,1,1,1,1,1,1,1,1,1,1,0
oti1992,0,1,1,1,1,0,1,0,0,1,0,1,1,0,1,1,0
oti1991,1,1,1,0,1,1,1,1,0,1,1,0,0,1,1,0,1,0
oti1990,0,0,1,1,0,1,1,0,0,1,1,0,1,1,0,1,0
oti1989,0,1,0,1,0,1,1,0,1,1,1,0,1,1,0,0,0
oti1988,1,1,0,1,0,1,1,0,1,1,0,1,1,0,1,0,1,0
oti1987,1,0,1,1,0,1,1,0,1,0,0,1,0,1,1,1,0
oti1986,1,0,0,0,0,0,0,0,0,1,0,1,0,0,1,1
oti1985,1,0,0,0,0,0,1,1,1,0,0,1,0,0,0,0
oti1984,0,0,0,0,0,0,0,0,0,0,1,1,0,1,0,0
oti1983,0,0,0,0,0,0,0,0,0,0,1,0,0,0,1,0
oti1982,0,1,0,0,0,0,0,0,0
oti1981,1,1,0,0,1,1,0,0,0,1,0,0,0,1,0,1
oti1980,0,1,1,1,0,0,1,1,1,1,1,0,0,1,1,1,0
oti1979,1,0,1,1,1,0,1,0,1,1,1,1,1,0,1,0,1,1,0
oti1978,0,1,1,0,1,0,1,1,0,1,1,1,1,0,1,0,1,1,0
oti1977,1,1,0,1,0,0,0,1,0,1,1,0,1,1
oti1976,1,1,0,1,1,0,0,0,0,0,0,1,0,0
oti1975,1,1,0,1,1,1,1,0,1,0,0,1,1,1
oti1974,1,0,0,0,0,0,1,1,1,1,0,1,0,1
oti1973,0,0,0,0,0,0,0,1,0,0,0,0,0,0
oti1972,0,0,1,0,0,0,0,0,0,0,0,0,0,0
oti1971,0,0,0,0,0,0,1,0,0,0,0,1,1,1
oti1970,1,0,1,0,0,0,0,0,0,0,1,0,0,0
oti1969,0,1,1,1,0,0,1,0,0,0,1,0,0,1,0
oti1968,0,1,0,0,0,1,0,1,1,0,1,0,1,1
oti1967,0,1,0,1,0,1,1,0,1,1,1,0,1,1,0
oti1966,1,1,0,0,0,1,0,0,0,0,0,0,0,0
oti1965,1,1,0,0,0,1,1,0,0,0,0,0,0,0
oti1964,0,1,1,0,0,0,0,0,0,0,0,0,1,1
oti1963,0,1,0,1,0,1,1,1,0,1,0,0,0,0
oti1962,1,0,1,1,1,0,0,1,1,1,1,1,1,1,0
oti1961,1,0,0,0,0,1,1,1,1,1,1,1,1,1,1
oti1960,1,1,0,1,1,1,0,1,0,1,1,0,1,1,1
was2017,0,1,1,0,1,0,0,1,0,0,1,0,0,1,1,0
was2016,0,0,1,1,1,1,0,0,1,1,0,0,1,0,1,0
was2015,0,1,0,1,0,0,1,0,1,0,1,0,1,1,1,1,0
was2014,0,1,0,0,0,0,1,1,0,0,0,0,0,0,1,0
was2013,0,0,0,1,0,1,0,1,0,0,0,0,0,0,0,0
was2012,1,0,0,1,0,1,0,0,0,1,1,1,1,1,1,1,0
was2011,1,1,0,1,0,0,0,0,0,0,1,0,0,1,0,0
was2010,1,0,0,1,1,0,1,0,0,1,0,0,0,0,1,0
was2009,0,1,0,1,0,0,0,0,1,0,0,0,1,0,0,0
was2008,0,1,1,1,1,0,1,1,0,0,1,0,0,0,1,0
was2007,1,1,0,1,0,1,0,1,0,0,0,0,1,1,1,1,0
was2006,0,0,1,1,0,0,0,1,0,0,1,0,0,1,0,0
was2005,1,1,1,0,0,1,0,1,0,0,0,1,1,1,1,1,1,0
was2004,1,0,0,0,0,1,0,1,0,0,0,1,0,1,0,1
was2003,1,1,0,1,0,0,0,0,1,0,0,0,1,0,0,0
was2002,1,0,0,1,0,0,1,1,0,0,1,0,0,0,1,1
was2001,0,0,0,0,0,1,1,1,1,1,0,1,0,0,1,1
was2000,1,0,0,1,1,1,1,1,0,0,1,0,0,0,0,1
was1999,0,1,1,1,1,0,1,0,0,1,1,0,1,0,1,1,1,0
was1998,0,0,0,0,0,0,0,1,0,1,0,1,1,1,1,0
was1997,1,0,1,1,0,1,0,0,1,1,0,0,0,1,0,1
was1996,0,1,1,1,1,1,1,1,0,0,1,0,0,0,0,1
was1995,1,0,0,0,1,0,0,1,0,0,0,0,1,0,1,1
was1994,0,1,0,0,0,0,0,1,0,0,0,0,0,0,0,1
was1993,1,0,0,0,0,0,0,1,0,0,0,1,0,1,0,0
was1992,0,1,1,0,1,1,1,0,1,0,0,1,1,1,0,0,1,0
was1991,1,1,1,1,1,1,1,1,1,1,1,0,1,1,1,0,1,1,1
was1990,1,0,1,1,0,1,0,1,0,1,0,1,1,1,0,1,1,0
was1989,0,0,1,1,1,0,1,0,0,1,0,1,1,1,1,1
was1988,0,1,1,0,0,1,1,1,0,1,0,0,0,1,0,0
was1987,1,0,1,1,1,1,1,0,1,0,1,1,1,0,1,1,1,1
was1986,1,1,1,1,1,0,1,0,1,1,1,1,1,0,0,1,1,1,0
was1985,0,1,0,0,1,1,0,1,1,0,1,1,0,1,1,1
was1984,0,0,1,1,1,1,1,0,0,1,1,0,1,1,1,1,0
was1983,0,1,1,1,1,1,0,1,1,1,1,1,1,1,1,1,1,1,0
was1982,1,1,1,1,0,1,1,1,1,1,1,1,1
was1981,0,0,0,0,0,1,0,1,1,1,1,0,0,1,1,1
was1980,0,1,0,0,0,0,1,1,0,0,0,0,0,1,1,1
was1979,0,1,1,1,1,0,1,1,0,0,1,1,0,1,1,0
was1978,1,1,1,1,1,1,0,0,1,0,1,0,0,0,0,0
was1977,0,1,1,1,0,0,1,0,1,1,0,1,1,1
was1976,1,1,1,0,0,1,1,0,1,0,1,1,1,1,0
was1975,1,1,0,1,0,1,1,1,0,0,1,1,0,0
was1974,1,0,1,0,1,1,0,1,1,1,1,0,1,1,0
was1973,1,0,1,1,1,1,0,0,1,1,1,1,0,1,0
was1972,1,1,0,1,1,1,1,1,1,1,1,1,0,0,1,1,0
was1971,1,1,1,1,1,0,1,0,0,0,1,1,1,0,0
was1970,0,0,1,1,0,1,1,0,0,0,0,0,1,1
was1969,1,0,0,1,1,1,0,0,0,1,0,1,1,0
was1968,1,0,0,1,1,0,0,0,1,0,0,0,0,1
was1967,0,1,1,0,0,0,0,0,1,1,0,0,1,0
was1966,0,0,1,1,1,0,1,1,0,0,0,1,1,0
was1965,0,0,0,0,0,1,1,1,0,1,1,0,0,1
was1964,0,0,0,0,1,0,1,1,0,1,1,1,0,0
was1963,0,1,1,0,0,0,0,0,0,0,1,0,0,0
was1962,0,1,1,1,0,1,0,0,1,0,0,0,0,0
was1961,0,0,0,0,0,0,0,0,0,0,0,0,0,1
was1960,0,1,0,0,0,0,0,0,0,0,0,0
was1959,0,1,1,0,0,0,1,0,0,0,0,0
was1958,1,0,0,1,0,0,1,0,0,0,0,1
was1957,0,1,0,0,1,0,0,0,0,1,1,1
was1956,0,0,0,1,1,1,1,1,0,1,0,0
was1955,1,1,0,0,1,0,1,1,1,1,0,1
was1954,0,0,0,0,0,1,0,1,0,0,0,1
was1953,1,0,1,0,0,0,1,0,1,1,1,0
was1952,1,0,0,1,0,0,0,0,0,0,1,1
was1951,0,0,0,1,1,0,0,1,1,0,1,0
was1950,1,0,0,0,0,0,0,0,0,1,1,0
was1949,0,1,0,1,0,0,1,0,0,0,1,0
was1948,1,1,0,0,1,1,1,1,0,0,0,1
was1947,0,1,1,0,0,0,0,0,1,0,0,1
was1946,0,1,1,1,0,0,1,0,1,0,0
was1945,0,1,1,1,1,1,1,0,1,1,0
was1944,0,1,1,1,1,1,0,1,0,0
was1943,1,1,1,1,0,1,1,0,0,0,1,0
was1942,1,0,1,1,1,1,1,1,1,1,1,1
was1941,0,1,1,1,1,1,0,0,0,0,1
was1940,1,1,1,1,1,1,1,0,1,0,1,0
was1939,1,0,1,1,1,0,1,1,1,1,0
was1938,1,0,1,0,1,1,0,1,0,1,0
was1937,1,0,1,0,1,1,1,0,1,1,1,1
was1936,0,1,1,0,0,1,1,0,0,1,1,1,0
was1935,1,0,0,0,0,0,0,0,0,1,0
was1934,1,0,0,1,0,1,1,0,0,1,0,1
was1933,0,0,1,1,0,1,0,1,0,1,0,0
was1932,0,1,0,0,0,1,0,0,1,1
